{
  "results": [
    {
      "command": "./bin/yuku files/antd.js",
      "mean": 0.024081072912212387,
      "stddev": 0.0001734324249082709,
      "median": 0.02409496116,
      "user": 0.02125157168141593,
      "system": 0.0023800102654867256,
      "min": 0.02363991916,
      "max": 0.024511710160000002,
      "times": [
        0.02387225216,
        0.024511710160000002,
        0.02413558516,
        0.02389666916,
        0.024147169160000002,
        0.02409562816,
        0.02433537716,
        0.02423887816,
        0.02382954416,
        0.02426366916,
        0.024424044160000002,
        0.02418304416,
        0.02446787816,
        0.02418716916,
        0.02416179416,
        0.02427821016,
        0.024084419160000002,
        0.02401316916,
        0.024327044160000002,
        0.02425658616,
        0.02425891916,
        0.024333628160000002,
        0.02424021116,
        0.02403062716,
        0.02420158616,
        0.02424166916,
        0.02402979416,
        0.02404087716,
        0.02444254416,
        0.02415737716,
        0.02424621016,
        0.02389141916,
        0.02429337816,
        0.02396766916,
        0.024033335160000002,
        0.02415825216,
        0.023955127160000003,
        0.02391100316,
        0.02380554416,
        0.02363991916,
        0.02384316916,
        0.02416354416,
        0.02390433616,
        0.02405250216,
        0.023821710160000002,
        0.02408171116,
        0.02421912716,
        0.02419791916,
        0.02427200216,
        0.02396116916,
        0.024179961160000003,
        0.02416279416,
        0.02410391916,
        0.024192044160000002,
        0.024186085160000002,
        0.02403854416,
        0.02398033616,
        0.024122794160000002,
        0.023736627160000003,
        0.02396787716,
        0.02418675316,
        0.02389541916,
        0.023884961160000003,
        0.024242461160000003,
        0.02419704416,
        0.02432121116,
        0.023836502160000002,
        0.02405591916,
        0.02386258616,
        0.02390187816,
        0.023900669160000002,
        0.024251044160000002,
        0.02394950216,
        0.02412537716,
        0.02396466916,
        0.02402900216,
        0.024042503160000003,
        0.02421946116,
        0.02409741916,
        0.02389387716,
        0.024263211160000003,
        0.02394621116,
        0.02394304416,
        0.024264003160000002,
        0.02412208616,
        0.02422041916,
        0.02389337716,
        0.02395783516,
        0.02423233616,
        0.02394271116,
        0.02401766916,
        0.02434254416,
        0.02407150216,
        0.02398758516,
        0.02394200216,
        0.02381525216,
        0.02386679416,
        0.023914419160000002,
        0.023711461160000002,
        0.02395816916,
        0.023876835160000002,
        0.024129919160000003,
        0.02409496116,
        0.02388058616,
        0.024112169160000002,
        0.024287752160000002,
        0.024173753160000002,
        0.023981961160000002,
        0.02402287716,
        0.02430950216,
        0.02413146016,
        0.02411291916,
        0.02399854416
      ],
      "exit_codes": [
        0,
        0,
        0,
        0,
        0,
        0,
        0,
        0,
        0,
        0,
        0,
        0,
        0,
        0,
        0,
        0,
        0,
        0,
        0,
        0,
        0,
        0,
        0,
        0,
        0,
        0,
        0,
        0,
        0,
        0,
        0,
        0,
        0,
        0,
        0,
        0,
        0,
        0,
        0,
        0,
        0,
        0,
        0,
        0,
        0,
        0,
        0,
        0,
        0,
        0,
        0,
        0,
        0,
        0,
        0,
        0,
        0,
        0,
        0,
        0,
        0,
        0,
        0,
        0,
        0,
        0,
        0,
        0,
        0,
        0,
        0,
        0,
        0,
        0,
        0,
        0,
        0,
        0,
        0,
        0,
        0,
        0,
        0,
        0,
        0,
        0,
        0,
        0,
        0,
        0,
        0,
        0,
        0,
        0,
        0,
        0,
        0,
        0,
        0,
        0,
        0,
        0,
        0,
        0,
        0,
        0,
        0,
        0,
        0,
        0,
        0,
        0,
        0
      ]
    },
    {
      "command": "./bin/oxc files/antd.js",
      "mean": 0.024359871178018012,
      "stddev": 0.00017446188098508582,
      "median": 0.024318211160000002,
      "user": 0.020688632432432432,
      "system": 0.0030650947747747743,
      "min": 0.024003502160000002,
      "max": 0.02494600216,
      "times": [
        0.02426696116,
        0.02462583616,
        0.02429750316,
        0.02470404416,
        0.02451625216,
        0.024225877160000003,
        0.02449237816,
        0.02449825216,
        0.02438179416,
        0.02487121116,
        0.02469500316,
        0.02457191916,
        0.02494600216,
        0.024678335160000002,
        0.02463554416,
        0.02464696116,
        0.02457796116,
        0.02455062716,
        0.02455000216,
        0.024514544160000002,
        0.024511044160000002,
        0.02418121116,
        0.02426875216,
        0.02446516916,
        0.02457346116,
        0.02433554416,
        0.02440841916,
        0.024003502160000002,
        0.02423566916,
        0.024276586160000002,
        0.02415150316,
        0.02420521116,
        0.02434191916,
        0.02421633616,
        0.024322377160000002,
        0.024224461160000002,
        0.02439054416,
        0.02427796116,
        0.02417958516,
        0.02444783516,
        0.024236253160000002,
        0.02424437816,
        0.02414812816,
        0.02426850216,
        0.02466312716,
        0.02437625316,
        0.024541252160000002,
        0.024405502160000002,
        0.02432516916,
        0.024616711160000002,
        0.02467004416,
        0.024301377160000002,
        0.024318211160000002,
        0.02428341916,
        0.02438625216,
        0.02432800316,
        0.02439929416,
        0.024304836160000003,
        0.024482627160000003,
        0.02453408616,
        0.02421983616,
        0.02430925216,
        0.02419550216,
        0.02457008516,
        0.02433358616,
        0.02423933616,
        0.02425846116,
        0.02424762716,
        0.024226794160000002,
        0.024202544160000002,
        0.02423421116,
        0.02425383516,
        0.02421575216,
        0.024348044160000002,
        0.02427604416,
        0.02455321116,
        0.02422050316,
        0.02434850316,
        0.02419662816,
        0.02435833616,
        0.02419029416,
        0.02428971116,
        0.024351669160000002,
        0.024439335160000002,
        0.024279294160000003,
        0.02439308616,
        0.024377085160000003,
        0.02414921116,
        0.02422300316,
        0.02453454416,
        0.02404150316,
        0.02414196016,
        0.02430416916,
        0.02454183616,
        0.02420808616,
        0.02431279416,
        0.024443627160000002,
        0.02449679416,
        0.024214711160000003,
        0.02410721116,
        0.024277877160000003,
        0.024193086160000002,
        0.02445650216,
        0.02431387816,
        0.02414583616,
        0.02417746016,
        0.02421479416,
        0.02432116916,
        0.02428846116,
        0.02407771116,
        0.02453337716
      ],