{
  "results": [
    {
      "command": "./bin/yuku files/antd.js",
      "mean": 0.06264132247739129,
      "stddev": 0.0008730420083212391,
      "median": 0.062394450760000005,
      "user": 0.04796554869565218,
      "system": 0.014646057391304349,
      "min": 0.06194512776,
      "max": 0.06778811876,
      "times": [
        0.06362790176,
        0.06232729076000001,
        0.06194512776,
        0.06317308476,
        0.06249343976,
        0.06219782976000001,
        0.06261100876,
        0.06227647576,
        0.062252550760000004,
        0.06253369476,
        0.062305910760000006,
        0.06249724576000001,
        0.06211788976000001,
        0.062234617760000006,
        0.06211620676000001,
        0.06240807076000001,
        0.06255978276,
        0.06231766176000001,
        0.06232944376,
        0.06778811876,
        0.06311001776,
        0.06343850976,
        0.062350602760000005,
        0.06213365976000001,
        0.06206874876000001,
        0.06241532376000001,
        0.06214048176,
        0.06243911876,
        0.06287422876,
        0.06256805776,
        0.06219758876,
        0.06222231476,
        0.06328725875999999,
        0.06294923776,
        0.06230630076000001,
        0.06299126676,
        0.06322794676,
        0.062274932760000005,
        0.06240510576,
        0.06229970776000001,
        0.062383795760000006,
        0.06236469976000001,
        0.06223541976,
        0.06316967876,
        0.06288381576,
        0.06264966076
      ],
      "memory_usage_byte": [
        31113216,
        31113216,
        31113216,
        31113216,
        31113216,
        31113216,
        31113216,
        31113216,
        31113216,
        31113216,
        31113216,
        31113216,
        31113216,
        31113216,
        31113216,
        31113216,
        31113216,
        31113216,
        31113216,
        31113216,
        31113216,
        31113216,
        31113216,
        31113216,
        31113216,
        31113216,
        31113216,
        31113216,
        31113216,
        31113216,
        31113216,
        31113216,
        31113216,
        31113216,
        31113216,
        31113216,
        31113216,
        31113216,
        31113216,
        31113216,
        31113216,
        31113216,
        31113216,
        31113216,
        31113216,
        31113216
      ],
      "exit_codes": [
        0,
        0,
        0,
        0,
        0,
        0,
        0,
        0,
        0,
        0,
        0,
        0,
        0,
        0,
        0,
        0,
        0,
        0,
        0,
        0,
        0,
        0,
        0,
        0,
        0,
        0,
        0,
        0,
        0,
        0,
        0,
        0,
        0,
        0,
        0,
        0,
        0,
        0,
        0,
        0,
        0,
        0,
        0,
        0,
        0,
        0
      ]
    },
    {
      "command": "./bin/oxc files/antd.js",
      "mean": 0.0622900011855319,
      "stddev": 0.0007773762097389072,
      "median": 0.06202647276,
      "user": 0.04098606765957447,
      "system": 0.021238403829787235,
      "min": 0.06165333776,
      "max": 0.06530106276,
      "times": [
        0.062137595760000004,
        0.06241399976,
        0.06198009376,
        0.06184727576000001,
        0.06198708476,
        0.061737731760000004,
        0.06237606076,
        0.06216323376,
        0.06226558476,
        0.06530106276,
        0.06460993576,
        0.06262135576,
        0.061821137760000006,
        0.06182252976,
        0.06347798076,
        0.06262597476,
        0.06177208176000001,
        0.06216772576000001,
        0.06187226576000001,
        0.06189646176,
        0.06201756676000001,
        0.061842400760000006,
        0.06187681476,
        0.06212778176000001,
        0.06176979476,
        0.061841688760000006,
        0.06187533076000001,
        0.06202647276,
        0.06211984676000001,
        0.06209803576000001,
        0.061685527760000004,
        0.061876413760000006,
        0.06195253576,
        0.06269728176,
        0.06211184276,
        0.06165333776,
        0.061759034760000005,
        0.061810551760000006,
        0.06281255576,
        0.06315534476,
        0.062207198760000006,
        0.06226729176,
        0.06190394476,
        0.061945782760000005,
        0.06465339476,
        0.062404547760000005,
        0.06224056176
      ],
      "memory_usage_byte": [
        43069440,
        43069440,
        43069440,
        43069440,
        43069440,
        43069440,
        43069440,
        43069440,
        43069440,
        43069440,
        43069440,
        43069440,
        43069440,
        43069440,
        43069440,
        43069440,
        43069440,
        43069440,
        43069440,
        43069440,
        43069440,
        43069440,
        43069440,
        43069440,
        43069440,
        43069440,
        43069440,
        43069440,
        43069440,
        43069440,
        43069440,
        43069440,
        43069440,
        43069440,
        43069440,
        43069440,
        43069440,
        43069440,
        43069440,
        43069440,
        43069440,
        43069440,
        43069440,
        43069440,
        43069440,
        43069440,
        43069440
      ],
      "exit_codes": [
        0,
        0,
        0,
        0,
        0,
        0,
        0,
        0,
        0,
        0,
        0,
        0,
        0,
        0,
        0,
        0,
        0,
        0,
        0,
        0,
        0,
        0,
        0,
        0,
        0,
        0,
        0,
        0,
        0,
        0,
        0,
        0,
        0,
        0,
        0,
        0,
        0,
        0,
        0,
        0,
        0,
        0,
        0,
        0,
        0,
        0,
        0
      ]
    },
    {
      "command": "./bin/swc files/antd.js",
      "mean": 0.12100713392666668,
      "stddev": 0.002849313842582803,
      "median": 0.12021766826,
      "user": 0.08760794,
      "system": 0.033335714999999995,
      "min": 0.11944304776,
      "max": 0.13394263976,
      "times": [
        0.11992873576,
        0.11961375976000001,
        0.11986267276,
        0.12165620776,
        0.12021428676,
        0.12022104976,
        0.12004171176,
        0.12235937676,
        0.12016153476,
        0.12109400076,
        0.12008294976,
        0.11963546576,
        0.11944304776,
        0.12103105376,
        0.11965426076,
        0.13394263976,
        0.11989577076,
        0.12046435876,
        0.12088281776,
        0.12116492276,
        0.12129817176,
        0.12088799776,
        0.12063441576,
        0.12000000476
      ],
      "memory_usage_byte": [
        70680576,
        70680576,
        70680576,
        70680576,
        70680576,
        70680576,
        70680576,
        70680576,
        70680576,
        70680576,
        70680576,
        70680576,
        70680576,
        70680576,
        70680576,
        70680576,
        70680576,
        70680576,
        70680576,
        70680576,
        70680576,
        70680576,
        70680576,
        70680576
      ],
      "exit_codes": [
        0,
        0,
        0,
        0,
        0,
        0,
        0,
        0,
        0,
        0,
        0,
        0,
        0,
        0,
        0,
        0,
        0,
        0,
        0,
        0,
        0,
        0,
        0,
        0
      ]
    }
  ]
}
