{
  "results": [
    {
      "command": "./bin/yuku files/antd.js",
      "mean": 0.06287625290956524,
      "stddev": 0.00040121021278967785,
      "median": 0.06280183004,
      "user": 0.04755337130434782,
      "system": 0.015281136521739135,
      "min": 0.06219964604,
      "max": 0.06410087504,
      "times": [
        0.06363459604,
        0.06292660504,
        0.06275719904,
        0.06333352404,
        0.06284812904,
        0.06295133104,
        0.06314507204,
        0.06318741204,
        0.06307782704,
        0.06298790904,
        0.06300540104,
        0.06317531904,
        0.06269991104,
        0.06253946304,
        0.06225494204,
        0.06288151104,
        0.06265386604,
        0.062423165040000006,
        0.06281697004,
        0.06257976804,
        0.062496332040000005,
        0.06283900104000001,
        0.06269001304,
        0.06260971304,
        0.06268706804,
        0.06261793904,
        0.06318623904000001,
        0.06410087504,
        0.06335963304,
        0.06316910604,
        0.06379759004,
        0.06302452804,
        0.06257808404,
        0.06260780004000001,
        0.06266662004,
        0.06306065204,
        0.06278669004,
        0.06239782504000001,
        0.062466143040000005,
        0.06219964604,
        0.06266186704,
        0.06263204204,
        0.06359017904,
        0.06319104504,
        0.06249607904,
        0.06251500304
      ],
      "memory_usage_byte": [
        31113216,
        31113216,
        31113216,
        31113216,
        31113216,
        31113216,
        31113216,
        31113216,
        31113216,
        31113216,
        31113216,
        31113216,
        31113216,
        31113216,
        31113216,
        31113216,
        31113216,
        31113216,
        31113216,
        31113216,
        31113216,
        31113216,
        31113216,
        31113216,
        31113216,
        31113216,
        31113216,
        31113216,
        31113216,
        31113216,
        31113216,
        31113216,
        31113216,
        31113216,
        31113216,
        31113216,
        31113216,
        31113216,
        31113216,
        31113216,
        31113216,
        31113216,
        31113216,
        31113216,
        31113216,
        31113216
      ],
      "exit_codes": [
        0,
        0,
        0,
        0,
        0,
        0,
        0,
        0,
        0,
        0,
        0,
        0,
        0,
        0,
        0,
        0,
        0,
        0,
        0,
        0,
        0,
        0,
        0,
        0,
        0,
        0,
        0,
        0,
        0,
        0,
        0,
        0,
        0,
        0,
        0,
        0,
        0,
        0,
        0,
        0,
        0,
        0,
        0,
        0,
        0,
        0
      ]
    },
    {
      "command": "./bin/oxc files/antd.js",
      "mean": 0.06266751131659576,
      "stddev": 0.0004549805002577252,
      "median": 0.06264218704,
      "user": 0.04167879914893617,
      "system": 0.02094455234042553,
      "min": 0.061686429040000004,
      "max": 0.06364296904,
      "times": [
        0.06208832904,
        0.06211730204,
        0.06200319904,
        0.061686429040000004,
        0.062176433040000006,
        0.06230294904,
        0.06338621804,
        0.06336484804,
        0.06304250704,
        0.06268025304000001,
        0.06303145304,
        0.06360544404,
        0.06259546004,
        0.06254756004,
        0.06258826104,
        0.062036531039999995,
        0.06271204804,
        0.06277927304,
        0.06220560604,
        0.06249170704,
        0.062167885039999995,
        0.06276213104,
        0.06256032504,
        0.06211509704,
        0.06281628204,
        0.062458446040000004,
        0.06244427904000001,
        0.06278351804,
        0.06353938704,
        0.06283774104,
        0.06264218704,
        0.06268520704,
        0.06223448904000001,
        0.06278978204,
        0.06241716904,
        0.06264889004,
        0.062419363039999995,
        0.06244313604,
        0.06349208804,
        0.06364296904,
        0.06270967304,
        0.06337074304,
        0.06310043004,
        0.06259723404,
        0.06292702804,
        0.06272760604000001,
        0.06259813504
      ],
      "memory_usage_byte": [
        43065344,
        43065344,
        43065344,
        43065344,
        43065344,
        43065344,
        43065344,
        43065344,
        43065344,
        43065344,
        43065344,
        43065344,
        43065344,
        43065344,
        43065344,
        43065344,
        43065344,
        43065344,
        43065344,
        43065344,
        43065344,
        43065344,
        43065344,
        43065344,
        43065344,
        43065344,
        43065344,
        43065344,
        43065344,
        43065344,
        43065344,
        43065344,
        43065344,
        43065344,
        43065344,
        43065344,
        43065344,
        43065344,
        43065344,
        43065344,
        43065344,
        43065344,
        43065344,
        43065344,
        43065344,
        43065344,
        43065344
      ],
      "exit_codes": [
        0,
        0,
        0,
        0,
        0,
        0,
        0,
        0,
        0,
        0,
        0,
        0,
        0,
        0,
        0,
        0,
        0,
        0,
        0,
        0,
        0,
        0,
        0,
        0,
        0,
        0,
        0,
        0,
        0,
        0,
        0,
        0,
        0,
        0,
        0,
        0,
        0,
        0,
        0,
        0,
        0,
        0,
        0,
        0,
        0,
        0,
        0
      ]
    },
    {
      "command": "./bin/swc files/antd.js",
      "mean": 0.12603136943130436,
      "stddev": 0.0016027408287009948,
      "median": 0.12583502404,
      "user": 0.09262674086956521,
      "system": 0.033286158260869565,
      "min": 0.12378982304000001,
      "max": 0.13124891404,
      "times": [
        0.12493087104,
        0.12493700004,
        0.12723513804,
        0.12420148104,
        0.12420768304,
        0.12378982304000001,
        0.12618638204000002,
        0.12481313204,
        0.12524563804,
        0.12562075704,
        0.12793136904,
        0.12669470704,
        0.13124891404,
        0.12646969704,
        0.12617952504000002,
        0.12604594704,
        0.12583502404,
        0.12547347904,
        0.12532228704,
        0.12836513204,
        0.12524352004,
        0.12626364304,
        0.12648034704
      ],
      "memory_usage_byte": [
        70660096,
        70660096,
        70660096,
        70660096,
        70660096,
        70660096,
        70660096,
        70660096,
        70660096,
        70660096,
        70660096,
        70660096,
        70660096,
        70660096,
        70660096,
        70660096,
        70660096,
        70660096,
        70660096,
        70660096,
        70696960,
        70696960,
        70696960
      ],
      "exit_codes": [
        0,
        0,
        0,
        0,
        0,
        0,
        0,
        0,
        0,
        0,
        0,
        0,
        0,
        0,
        0,
        0,
        0,
        0,
        0,
        0,
        0,
        0,
        0
      ]
    }
  ]
}
