{
  "results": [
    {
      "command": "./bin/yuku_antd",
      "mean": 0.05980505491836735,
      "stddev": 0.0002979563477056971,
      "median": 0.059742935000000004,
      "user": 0.04735770530612244,
      "system": 0.012387825714285714,
      "min": 0.059282695,
      "max": 0.060727724000000004,
      "times": [
        0.060131300000000006,
        0.06014714,
        0.059954320000000005,
        0.05986327,
        0.059621348000000005,
        0.059748625,
        0.059504890000000005,
        0.059918012,
        0.059639672000000005,
        0.059610508,
        0.059282695,
        0.059916049000000006,
        0.059659148,
        0.059778822,
        0.059805441,
        0.059822283000000004,
        0.059734239,
        0.060513612,
        0.059663266,
        0.059497486,
        0.059460046,
        0.05938744,
        0.059682733,
        0.059893726,
        0.059688693,
        0.059652546,
        0.059753114,
        0.059475966000000005,
        0.059828665,
        0.059631257,
        0.060088430000000005,
        0.059653277000000005,
        0.060002951000000006,
        0.059523595000000006,
        0.060243993,
        0.060727724000000004,
        0.06066649,
        0.059929302000000004,
        0.059841348,
        0.059742935000000004,
        0.059686429,
        0.059731494,
        0.059942498000000004,
        0.059492788000000005,
        0.059600018000000005,
        0.059618883000000004,
        0.059782438,
        0.060174401,
        0.059732385000000006
      ],
      "memory_usage_byte": [
        31944704,
        31944704,
        31944704,
        31944704,
        31944704,
        31944704,
        31944704,
        31944704,
        31944704,
        31944704,
        31944704,
        31944704,
        31944704,
        31944704,
        31944704,
        31944704,
        31944704,
        31944704,
        31944704,
        31944704,
        31944704,
        31944704,
        31944704,
        31944704,
        31944704,
        31944704,
        31944704,
        31944704,
        31944704,
        31944704,
        31944704,
        31944704,
        31944704,
        31944704,
        31944704,
        31944704,
        31944704,
        31944704,
        31944704,
        31944704,
        31944704,
        31944704,
        31944704,
        31944704,
        31944704,
        31944704,
        31944704,
        31944704,
        31944704
      ],
      "exit_codes": [
        0,
        0,
        0,
        0,
        0,
        0,
        0,
        0,
        0,
        0,
        0,
        0,
        0,
        0,
        0,
        0,
        0,
        0,
        0,
        0,
        0,
        0,
        0,
        0,
        0,
        0,
        0,
        0,
        0,
        0,
        0,
        0,
        0,
        0,
        0,
        0,
        0,
        0,
        0,
        0,
        0,
        0,
        0,
        0,
        0,
        0,
        0,
        0,
        0
      ]
    },
    {
      "command": "./bin/oxc_antd",
      "mean": 0.0594299339387755,
      "stddev": 0.00024168143763790708,
      "median": 0.059453008,
      "user": 0.04180237877551019,
      "system": 0.017562295102040812,
      "min": 0.058931944,
      "max": 0.059918778000000006,
      "times": [
        0.059539359,
        0.059361057,
        0.059535432,
        0.059876489000000005,
        0.059471953,
        0.059012836,
        0.058931944,
        0.059613708,
        0.059543417,
        0.059430747,
        0.059255299000000004,
        0.059536995,
        0.059751846000000004,
        0.059597919,
        0.059455593,
        0.059918778000000006,
        0.05968447,
        0.059917155,
        0.059415348,
        0.059236224000000004,
        0.059608468000000005,
        0.059588721000000004,
        0.059588661,
        0.059535873,
        0.059747798000000005,
        0.059688278000000004,
        0.059201879000000006,
        0.059453008,
        0.059399748,
        0.059420347000000005,
        0.059179648,
        0.059201749000000005,
        0.059033555,
        0.059423933000000005,
        0.058934440000000005,
        0.059103916,
        0.059162686,
        0.059605263000000006,
        0.05948626,
        0.059261060000000004,
        0.059504885,
        0.059683088,
        0.059221385,
        0.059405209,
        0.059100209,
        0.059487672000000005,
        0.059418213000000004,
        0.059292919,
        0.059241323000000005
      ],
      "memory_usage_byte": [
        42971136,
        42971136,
        42971136,
        42971136,
        42971136,
        42971136,
        42971136,
        42971136,
        42971136,
        42971136,
        42971136,
        42971136,
        42971136,
        42971136,
        42971136,
        42971136,
        42971136,
        42971136,
        42971136,
        42971136,
        42971136,
        42971136,
        42971136,
        42971136,
        42971136,
        42971136,
        42971136,
        42971136,
        42971136,
        42971136,
        42971136,
        42971136,
        42971136,
        42971136,
        42971136,
        42971136,
        42971136,
        42971136,
        42971136,
        42971136,
        42971136,
        42971136,
        42971136,
        42971136,
        42971136,
        42971136,
        42971136,
        42971136,
        42971136
      ],
      "exit_codes": [
        0,
        0,
        0,
        0,
        0,
        0,
        0,
        0,
        0,
        0,
        0,
        0,
        0,
        0,
        0,
        0,
        0,
        0,
        0,
        0,
        0,
        0,
        0,
        0,
        0,
        0,
        0,
        0,
        0,
        0,
        0,
        0,
        0,
        0,
        0,
        0,
        0,
        0,
        0,
        0,
        0,
        0,
        0,
        0,
        0,
        0,
        0,
        0,
        0
      ]
    },
    {
      "command": "./bin/swc_antd",
      "mean": 0.12619014686956523,
      "stddev": 0.001100032048419056,
      "median": 0.126335669,
      "user": 0.09416113565217389,
      "system": 0.031955018260869564,
      "min": 0.12293245200000001,
      "max": 0.128642909,
      "times": [
        0.125403459,
        0.126606885,
        0.128642909,
        0.127736546,
        0.126533017,
        0.126335669,
        0.126603719,
        0.125912498,
        0.125038206,
        0.126394048,
        0.126133812,
        0.126520945,
        0.126283883,
        0.125255271,
        0.12787758000000002,
        0.12568880100000002,
        0.12594581100000002,
        0.126447958,
        0.125730629,
        0.12293245200000001,
        0.12548562200000002,
        0.126498784,
        0.12636487400000002
      ],
      "memory_usage_byte": [
        70545408,
        70545408,
        70545408,
        70545408,
        70545408,
        70545408,
        70545408,
        70545408,
        70545408,
        70545408,
        70545408,
        70545408,
        70545408,
        70545408,
        70545408,
        70545408,
        70545408,
        70545408,
        70545408,
        70545408,
        70545408,
        70545408,
        70545408
      ],
      "exit_codes": [
        0,
        0,
        0,
        0,
        0,
        0,
        0,
        0,
        0,
        0,
        0,
        0,
        0,
        0,
        0,
        0,
        0,
        0,
        0,
        0,
        0,
        0,
        0
      ]
    }
  ]
}
