{
  "results": [
    {
      "command": "./bin/yuku files/antd.js",
      "mean": 0.04691838258222222,
      "stddev": 0.00022164996637734697,
      "median": 0.046897510360000005,
      "user": 0.03665001968253968,
      "system": 0.010212154285714288,
      "min": 0.04653409036,
      "max": 0.04759142936000001,
      "times": [
        0.046970217360000004,
        0.046972377360000005,
        0.04691925536,
        0.046964096360000006,
        0.04684822836000001,
        0.04720392836000001,
        0.047172847360000006,
        0.046953944360000006,
        0.046813011360000004,
        0.047196816360000005,
        0.046860021360000004,
        0.046702167360000005,
        0.04691158236,
        0.04701086536000001,
        0.04695334436,
        0.046758314360000004,
        0.04662562136000001,
        0.046768146360000006,
        0.046714624360000005,
        0.04654422736,
        0.04675970636000001,
        0.04671124036,
        0.04677615436,
        0.04653409036,
        0.04715230236,
        0.04722594536000001,
        0.046931168360000004,
        0.046811243360000004,
        0.046807259360000006,
        0.046897510360000005,
        0.04675779436000001,
        0.04678834736,
        0.046757466360000007,
        0.046580396360000005,
        0.046763850360000005,
        0.04690533436,
        0.046693927360000005,
        0.04699623336000001,
        0.04682005136,
        0.04683620436,
        0.047365317360000006,
        0.04685222036,
        0.046794234360000006,
        0.046945736360000004,
        0.04747566536,
        0.04722479336,
        0.04699865736,
        0.04759142936000001,
        0.046994921360000004,
        0.04710266036000001,
        0.04684577236,
        0.047037339360000006,
        0.047095029360000006,
        0.047224392360000006,
        0.04727688336000001,
        0.04676544136000001,
        0.04674928936,
        0.04665348636,
        0.04665108636,
        0.04670801636000001,
        0.047218169360000006,
        0.04700645836,
        0.04691123936
      ],
      "memory_usage_byte": [
        31244288,
        31244288,
        31244288,
        31244288,
        31244288,
        31244288,
        31244288,
        31244288,
        31244288,
        31244288,
        31244288,
        31244288,
        31244288,
        31244288,
        31244288,
        31244288,
        31244288,
        31244288,
        31244288,
        31244288,
        31244288,
        31244288,
        31244288,
        31244288,
        31244288,
        31244288,
        31244288,
        31244288,
        31244288,
        31244288,
        31244288,
        31244288,
        31244288,
        31244288,
        31244288,
        31244288,
        31244288,
        31244288,
        31244288,
        31244288,
        31244288,
        31244288,
        31244288,
        31244288,
        31244288,
        31244288,
        31244288,
        31244288,
        31244288,
        31244288,
        31244288,
        31244288,
        31244288,
        31244288,
        31244288,
        31244288,
        31244288,
        31244288,
        31244288,
        31244288,
        31244288,
        31244288,
        31244288
      ],
      "exit_codes": [
        0,
        0,
        0,
        0,
        0,
        0,
        0,
        0,
        0,
        0,
        0,
        0,
        0,
        0,
        0,
        0,
        0,
        0,
        0,
        0,
        0,
        0,
        0,
        0,
        0,
        0,
        0,
        0,
        0,
        0,
        0,
        0,
        0,
        0,
        0,
        0,
        0,
        0,
        0,
        0,
        0,
        0,
        0,
        0,
        0,
        0,
        0,
        0,
        0,
        0,
        0,
        0,
        0,
        0,
        0,
        0,
        0,
        0,
        0,
        0,
        0,
        0,
        0
      ]
    },
    {
      "command": "./bin/oxc files/antd.js",
      "mean": 0.04329103963941178,
      "stddev": 0.00021009519811812462,
      "median": 0.04322811236,
      "user": 0.030172730000000002,
      "system": 0.013064616470588234,
      "min": 0.042954496360000004,
      "max": 0.043904398360000006,
      "times": [
        0.043269145360000004,
        0.04326958536,
        0.04321246436,
        0.04320658436,
        0.04361110136,
        0.04322534436000001,
        0.04370192036000001,
        0.04312553336,
        0.04358623636,
        0.04380389136000001,
        0.043271410360000005,
        0.043106244360000004,
        0.04318204736,
        0.04318823136,
        0.04315831036000001,
        0.04321454436,
        0.043420126360000005,
        0.04336889336000001,
        0.042997825360000005,
        0.04347724136,
        0.043663310360000006,
        0.04323088036,
        0.043526498360000006,
        0.043172750360000005,
        0.043249289360000005,
        0.04343111836000001,
        0.04323196036,
        0.043575355360000005,
        0.043199711360000004,
        0.04315344636000001,
        0.04304145836000001,
        0.043038970360000005,
        0.04314691836,
        0.043460136360000005,
        0.043096524360000006,
        0.04323836836,
        0.043222544360000004,
        0.04318200736,
        0.043222320360000004,
        0.043561618360000005,
        0.043325524360000006,
        0.043665542360000004,
        0.04362900536000001,
        0.043166462360000005,
        0.043013081360000004,
        0.042987528360000006,
        0.043265137360000004,
        0.043904398360000006,
        0.04328660236,
        0.04303768236,
        0.043079707360000004,
        0.043320515360000006,
        0.043558259360000004,
        0.04329258736,
        0.043156598360000006,
        0.042954496360000004,
        0.04328566636,
        0.043056595360000005,
        0.04321439136000001,
        0.04320318336,
        0.04316804736,
        0.04353725036,
        0.043445479360000004,
        0.04321955236,
        0.04335725236000001,
        0.04299777736,
        0.043402214360000003,
        0.04321828836
      ],
      "memory_usage_byte": [
        42696704,
        42696704,
        42696704,
        42696704,
        42696704,
        42696704,
        42696704,
        42696704,
        42696704,
        42696704,
        42696704,
        42696704,
        42696704,
        42696704,
        42696704,
        42696704,
        42696704,
        42696704,
        42696704,
        42696704,
        42696704,
        42696704,
        42696704,
        42696704,
        42696704,
        42696704,
        42696704,
        42696704,
        42696704,
        42696704,
        42696704,
        42696704,
        42696704,
        42696704,
        42696704,
        42696704,
        42696704,
        42696704,
        42696704,
        42696704,
        42696704,
        42696704,
        42696704,
        42696704,
        42696704,
        42696704,
        42696704,
        42696704,
        42696704,
        42696704,
        42696704,
        42696704,
        42696704,
        42696704,
        42696704,
        42696704,
        42696704,
        42696704,
        42696704,
        42696704,
        42696704,
        42696704,
        42696704,
        42696704,
        42696704,
        42696704,
        42696704,
        42696704
      ],