{
  "results": [
    {
      "command": "./bin/yuku files/antd.js",
      "mean": 0.06446090085111113,
      "stddev": 0.0003990632224749623,
      "median": 0.06437496174,
      "user": 0.04893657333333334,
      "system": 0.015467382222222222,
      "min": 0.06387003174,
      "max": 0.06563996674,
      "times": [
        0.06460531074,
        0.06487571374000001,
        0.06492162974,
        0.06457232874,
        0.06491742174000001,
        0.06563996674,
        0.06515807074,
        0.06435603674,
        0.06394670474,
        0.06387003174,
        0.06489746474000001,
        0.06462516774,
        0.06389949674,
        0.06426908574000001,
        0.06431198474000001,
        0.06405623874000001,
        0.06417964774,
        0.06424870774000001,
        0.06395626274,
        0.06408563374000001,
        0.06414865974,
        0.06450883174000001,
        0.06420688974000001,
        0.06431598274,
        0.06423436074,
        0.06432836574,
        0.06489873674,
        0.06467690374,
        0.06474626274,
        0.06437496174,
        0.06455796274,
        0.06414163774000001,
        0.06451715674,
        0.06405770074,
        0.06394110374,
        0.06412836374,
        0.06493596774,
        0.06445587474,
        0.06442458474,
        0.06413576674,
        0.06408238774,
        0.06504857574,
        0.06483108274,
        0.06509193874000001,
        0.06455757274
      ],
      "memory_usage_byte": [
        32124928,
        32124928,
        32124928,
        32124928,
        32124928,
        32124928,
        32124928,
        32124928,
        32124928,
        32124928,
        32124928,
        32124928,
        32124928,
        32124928,
        32124928,
        32124928,
        32124928,
        32124928,
        32124928,
        32124928,
        32124928,
        32124928,
        32124928,
        32124928,
        32124928,
        32124928,
        32124928,
        32124928,
        32124928,
        32124928,
        32124928,
        32124928,
        32124928,
        32124928,
        32124928,
        32124928,
        32124928,
        32124928,
        32124928,
        32124928,
        32124928,
        32124928,
        32124928,
        32124928,
        32124928
      ],
      "exit_codes": [
        0,
        0,
        0,
        0,
        0,
        0,
        0,
        0,
        0,
        0,
        0,
        0,
        0,
        0,
        0,
        0,
        0,
        0,
        0,
        0,
        0,
        0,
        0,
        0,
        0,
        0,
        0,
        0,
        0,
        0,
        0,
        0,
        0,
        0,
        0,
        0,
        0,
        0,
        0,
        0,
        0,
        0,
        0,
        0,
        0
      ]
    },
    {
      "command": "./bin/oxc files/antd.js",
      "mean": 0.0637202500226087,
      "stddev": 0.0006162979319394028,
      "median": 0.06370822474,
      "user": 0.04223709217391305,
      "system": 0.021425959999999994,
      "min": 0.06235841174000001,
      "max": 0.06595578374000001,
      "times": [
        0.06387364574,
        0.06380859674,
        0.06398602674000001,
        0.06361759174,
        0.06381926774,
        0.06399622574000001,
        0.06389540874,
        0.06390505574000001,
        0.06368233174,
        0.06418752274,
        0.06388922774,
        0.06404409474,
        0.06595578374000001,
        0.06402463874,
        0.06399946374,
        0.06370793974,
        0.06411406774,
        0.06362409274,
        0.06456114174000001,
        0.06398141974,
        0.06452545474,
        0.06439860774,
        0.06488636774,
        0.06287457374000001,
        0.06263900374,
        0.06298107274,
        0.06311406074,
        0.06280043574000001,
        0.06235841174000001,
        0.06287127774000001,
        0.06339209974,
        0.06343671374,
        0.06288325074000001,
        0.06362352174000001,
        0.06379022274,
        0.06402068274,
        0.06318777874,
        0.06348752774000001,
        0.06340058574,
        0.06370850974,
        0.06364443974,
        0.06358587174000001,
        0.06362675774,
        0.06411545974,
        0.06352501774000001,
        0.06358025074
      ],
      "memory_usage_byte": [
        43065344,
        43065344,
        43065344,
        43065344,
        43065344,
        43065344,
        43065344,
        43065344,
        43065344,
        43065344,
        43065344,
        43065344,
        43065344,
        43065344,
        43065344,
        43065344,
        43065344,
        43065344,
        43065344,
        43065344,
        43065344,
        43065344,
        43065344,
        43065344,
        43065344,
        43065344,
        43065344,
        43065344,
        43065344,
        43065344,
        43065344,
        43065344,
        43065344,
        43065344,
        43065344,
        43065344,
        43065344,
        43065344,
        43065344,
        43065344,
        43065344,
        43065344,
        43065344,
        43065344,
        43065344,
        43065344
      ],
      "exit_codes": [
        0,
        0,
        0,
        0,
        0,
        0,
        0,
        0,
        0,
        0,
        0,
        0,
        0,
        0,
        0,
        0,
        0,
        0,
        0,
        0,
        0,
        0,
        0,
        0,
        0,
        0,
        0,
        0,
        0,
        0,
        0,
        0,
        0,
        0,
        0,
        0,
        0,
        0,
        0,
        0,
        0,
        0,
        0,
        0,
        0,
        0
      ]
    },
    {
      "command": "./bin/swc files/antd.js",
      "mean": 0.12451444900086957,
      "stddev": 0.0012133526465680387,
      "median": 0.12462258074000002,
      "user": 0.0921378747826087,
      "system": 0.03230696,
      "min": 0.12227225574,
      "max": 0.12700852274000002,
      "times": [
        0.12490229074,
        0.12653478074000002,
        0.12462258074000002,
        0.12469968474000001,
        0.12690406874000001,
        0.12700852274000002,
        0.12421416974,
        0.12521324974,
        0.12423146274,
        0.12507208674,
        0.12337712374000001,
        0.12491043674000002,
        0.12546989874,
        0.12337826474000001,
        0.12393400974,
        0.12493625574,
        0.12472559374,
        0.12357601274,
        0.12294579974,
        0.12318604774000001,
        0.12381387674000001,
        0.12390385374,
        0.12227225574
      ],
      "memory_usage_byte": [
        70656000,
        70656000,
        70656000,
        70656000,
        70656000,
        70656000,
        70656000,
        70656000,
        70656000,
        70656000,
        70656000,
        70656000,
        70656000,
        70656000,
        70656000,
        70656000,
        70656000,
        70656000,
        70664192,
        70664192,
        70664192,
        70664192,
        70664192
      ],
      "exit_codes": [
        0,
        0,
        0,
        0,
        0,
        0,
        0,
        0,
        0,
        0,
        0,
        0,
        0,
        0,
        0,
        0,
        0,
        0,
        0,
        0,
        0,
        0,
        0
      ]
    }
  ]
}
