{
  "results": [
    {
      "command": "./bin/yuku files/antd.js",
      "mean": 0.06376969562695653,
      "stddev": 0.00029324359827083185,
      "median": 0.06372121104,
      "user": 0.04826935739130435,
      "system": 0.015436590434782602,
      "min": 0.06317251104,
      "max": 0.06483054404,
      "times": [
        0.06341972404,
        0.06460154804,
        0.06384635404,
        0.06317251104,
        0.06357340204,
        0.06366626704,
        0.06406358104,
        0.06359922004,
        0.06369467904,
        0.06383663503999999,
        0.06385739404,
        0.06334654703999999,
        0.06372457504,
        0.06352707504,
        0.06346414804,
        0.06345269603999999,
        0.06364264204,
        0.06345667304,
        0.06379467604,
        0.06389889104,
        0.06406511404,
        0.06358371304,
        0.06483054404,
        0.06405876603999999,
        0.06387143504,
        0.06387837804,
        0.06390360604,
        0.06371249704,
        0.06357727403999999,
        0.06394436104,
        0.06373623104,
        0.06359039904,
        0.06363520204,
        0.06395493204,
        0.06362927104,
        0.06364499104,
        0.06379421103999999,
        0.06362870104,
        0.06410565304,
        0.06419810704,
        0.06374097104,
        0.06371784704,
        0.06394000404,
        0.06372875704,
        0.06362002504,
        0.06367576904
      ],
      "memory_usage_byte": [
        31113216,
        31113216,
        31113216,
        31113216,
        31113216,
        31113216,
        31113216,
        31113216,
        31113216,
        31113216,
        31113216,
        31113216,
        31113216,
        31113216,
        31113216,
        31113216,
        31113216,
        31113216,
        31113216,
        31113216,
        31113216,
        31113216,
        31113216,
        31113216,
        31113216,
        31113216,
        31113216,
        31113216,
        31113216,
        31113216,
        31113216,
        31113216,
        31113216,
        31113216,
        31113216,
        31113216,
        31113216,
        31113216,
        31113216,
        31113216,
        31113216,
        31113216,
        31113216,
        31113216,
        31113216,
        31113216
      ],
      "exit_codes": [
        0,
        0,
        0,
        0,
        0,
        0,
        0,
        0,
        0,
        0,
        0,
        0,
        0,
        0,
        0,
        0,
        0,
        0,
        0,
        0,
        0,
        0,
        0,
        0,
        0,
        0,
        0,
        0,
        0,
        0,
        0,
        0,
        0,
        0,
        0,
        0,
        0,
        0,
        0,
        0,
        0,
        0,
        0,
        0,
        0,
        0
      ]
    },
    {
      "command": "./bin/oxc files/antd.js",
      "mean": 0.06363588897478259,
      "stddev": 0.00039494385009446686,
      "median": 0.06360483004,
      "user": 0.04199016173913045,
      "system": 0.021581460000000004,
      "min": 0.06289053104,
      "max": 0.06470038304,
      "times": [
        0.06390901004,
        0.06379865304,
        0.06359892904,
        0.06391895804,
        0.06388683904,
        0.06384165304,
        0.06357717704,
        0.06330909504,
        0.06364799004,
        0.06334582404,
        0.06336036203999999,
        0.06359711604,
        0.06361073104,
        0.06326251804,
        0.06378530704,
        0.06407221504,
        0.06371771104,
        0.06366638504,
        0.06387393404,
        0.06400744404,
        0.06414527203999999,
        0.06393837504,
        0.06386814304,
        0.06369046104,
        0.06339141004,
        0.06315782203999999,
        0.06467769004,
        0.06325600603999999,
        0.06337101104,
        0.06352359704,
        0.06390769804,
        0.06382825904,
        0.06289053104,
        0.06315548704,
        0.06398656504,
        0.06470038304,
        0.06351999004,
        0.06346992704,
        0.06332094804,
        0.06315146004,
        0.06324100804,
        0.06311499204,
        0.06433405604,
        0.06311928004,
        0.06324214004,
        0.06346052904
      ],
      "memory_usage_byte": [
        43065344,
        43065344,
        43065344,
        43065344,
        43065344,
        43065344,
        43065344,
        43065344,
        43065344,
        43065344,
        43065344,
        43065344,
        43065344,
        43065344,
        43065344,
        43065344,
        43065344,
        43065344,
        43065344,
        43065344,
        43065344,
        43065344,
        43065344,
        43065344,
        43065344,
        43065344,
        43065344,
        43065344,
        43065344,
        43065344,
        43065344,
        43065344,
        43065344,
        43065344,
        43065344,
        43065344,
        43065344,
        43065344,
        43065344,
        43065344,
        43065344,
        43065344,
        43065344,
        43065344,
        43065344,
        43065344
      ],
      "exit_codes": [
        0,
        0,
        0,
        0,
        0,
        0,
        0,
        0,
        0,
        0,
        0,
        0,
        0,
        0,
        0,
        0,
        0,
        0,
        0,
        0,
        0,
        0,
        0,
        0,
        0,
        0,
        0,
        0,
        0,
        0,
        0,
        0,
        0,
        0,
        0,
        0,
        0,
        0,
        0,
        0,
        0,
        0,
        0,
        0,
        0,
        0
      ]
    },
    {
      "command": "./bin/swc files/antd.js",
      "mean": 0.1261926468226087,
      "stddev": 0.001163530407507842,
      "median": 0.12618438704,
      "user": 0.09323153130434782,
      "system": 0.03286589478260869,
      "min": 0.12442754304,
      "max": 0.12872157004,
      "times": [
        0.12618438704,
        0.12488661604000001,
        0.12445648004000001,
        0.12561836604,
        0.12505660804,
        0.12650209304,
        0.12610102504,
        0.12694189204,
        0.12478835903999999,
        0.12713210704,
        0.12671325604,
        0.12725522704,
        0.12627823504,
        0.12519073904,
        0.12538686404,
        0.12599114004,
        0.12737561104,
        0.12788503104,
        0.12760831504,
        0.12872157004,
        0.12665001804,
        0.12527939404,
        0.12442754304
      ],
      "memory_usage_byte": [
        70692864,
        70692864,
        70692864,
        70692864,
        70692864,
        70692864,
        70692864,
        70692864,
        70692864,
        70692864,
        70692864,
        70692864,
        70692864,
        70692864,
        70692864,
        70692864,
        70692864,
        70692864,
        70692864,
        70692864,
        70692864,
        70692864,
        70692864
      ],
      "exit_codes": [
        0,
        0,
        0,
        0,
        0,
        0,
        0,
        0,
        0,
        0,
        0,
        0,
        0,
        0,
        0,
        0,
        0,
        0,
        0,
        0,
        0,
        0,
        0
      ]
    }
  ]
}
