{
  "results": [
    {
      "command": "./bin/yuku files/antd.js",
      "mean": 0.05546633243396226,
      "stddev": 0.0007971372893439355,
      "median": 0.055244471,
      "user": 0.04462176188679245,
      "system": 0.010753470566037733,
      "min": 0.054591743000000005,
      "max": 0.058816899000000006,
      "times": [
        0.05545104,
        0.055641558,
        0.055364913,
        0.055301923,
        0.055157473000000005,
        0.0550708,
        0.055169273000000005,
        0.055704231,
        0.055892196000000005,
        0.055394410000000005,
        0.055759012000000004,
        0.055551849,
        0.055854888000000005,
        0.055739335,
        0.056024317000000004,
        0.055904509000000005,
        0.058816899000000006,
        0.056078087000000006,
        0.055730882,
        0.055037677,
        0.054591743000000005,
        0.058013399,
        0.054967827000000004,
        0.054918871,
        0.055155193000000005,
        0.054991412,
        0.055158942,
        0.055076399000000005,
        0.055148771,
        0.055515012,
        0.055545165,
        0.055476814,
        0.055427025000000005,
        0.055272829,
        0.054946133,
        0.054930358000000006,
        0.055104553,
        0.054926105,
        0.054849665000000006,
        0.054791917,
        0.055565975000000004,
        0.058249718000000006,
        0.055049576,
        0.055109527000000005,
        0.055084866,
        0.054918203000000006,
        0.055191858,
        0.055244471,
        0.054963881,
        0.054860193,
        0.055347334000000005,
        0.055131692,
        0.055544920000000005
      ],
      "memory_usage_byte": [
        32124928,
        32124928,
        32124928,
        32124928,
        32124928,
        32124928,
        32124928,
        32124928,
        32124928,
        32124928,
        32124928,
        32124928,
        32124928,
        32124928,
        32124928,
        32124928,
        32124928,
        32124928,
        32124928,
        32124928,
        32124928,
        32124928,
        32124928,
        32124928,
        32124928,
        32124928,
        32124928,
        32124928,
        32124928,
        32124928,
        32124928,
        32124928,
        32124928,
        32124928,
        32124928,
        32124928,
        32124928,
        32124928,
        32124928,
        32124928,
        32124928,
        32124928,
        32124928,
        32124928,
        32124928,
        32124928,
        32124928,
        32124928,
        32124928,
        32124928,
        32124928,
        32124928,
        32124928
      ],
      "exit_codes": [
        0,
        0,
        0,
        0,
        0,
        0,
        0,
        0,
        0,
        0,
        0,
        0,
        0,
        0,
        0,
        0,
        0,
        0,
        0,
        0,
        0,
        0,
        0,
        0,
        0,
        0,
        0,
        0,
        0,
        0,
        0,
        0,
        0,
        0,
        0,
        0,
        0,
        0,
        0,
        0,
        0,
        0,
        0,
        0,
        0,
        0,
        0,
        0,
        0,
        0,
        0,
        0,
        0
      ]
    },
    {
      "command": "./bin/oxc files/antd.js",
      "mean": 0.05492042507407408,
      "stddev": 0.00047195116019466257,
      "median": 0.054886282,
      "user": 0.03988058962962963,
      "system": 0.014949054074074077,
      "min": 0.054132,
      "max": 0.056160195,
      "times": [
        0.054511402,
        0.054501274,
        0.054464363,
        0.054509930000000005,
        0.054696059000000005,
        0.054805030000000005,
        0.054710275,
        0.054322720000000005,
        0.054557577,
        0.054648972000000004,
        0.054921951000000004,
        0.054999353,
        0.055024177,
        0.055036873,
        0.054904024,
        0.054737655,
        0.054765656,
        0.054918346,
        0.054321064,
        0.054320009,
        0.054493386000000005,
        0.054359645000000005,
        0.054240998000000006,
        0.054670372,
        0.054924528,
        0.054727766000000004,
        0.054632079,
        0.05482915,
        0.054850143000000004,
        0.054410348000000004,
        0.054132,
        0.054216386000000005,
        0.054346121000000004,
        0.056160195,
        0.055481664,
        0.055340497,
        0.05524971,
        0.05486854,
        0.055196726,
        0.055403413000000006,
        0.055139924,
        0.056003706,
        0.055524131000000004,
        0.056033304,
        0.05549585,
        0.055303365,
        0.055280309,
        0.055195469000000004,
        0.055240386,
        0.055529089000000004,
        0.055105244000000005,
        0.055162666,
        0.055337789000000005,
        0.055141345
      ],
      "memory_usage_byte": [
        43196416,
        43196416,
        43196416,
        43196416,
        43196416,
        43196416,
        43196416,
        43196416,
        43196416,
        43196416,
        43196416,
        43196416,
        43196416,
        43196416,
        43196416,
        43196416,
        43196416,
        43196416,
        43196416,
        43196416,
        43196416,
        43196416,
        43196416,
        43196416,
        43196416,
        43196416,
        43196416,
        43196416,
        43196416,
        43196416,
        43196416,
        43196416,
        43196416,
        43196416,
        43196416,
        43196416,
        43196416,
        43196416,
        43196416,
        43196416,
        43196416,
        43196416,
        43196416,
        43196416,
        43196416,
        43196416,
        43196416,
        43196416,
        43196416,
        43196416,
        43196416,
        43196416,
        43196416,
        43196416
      ],
      "exit_codes": [
        0,
        0,
        0,
        0,
        0,
        0,
        0,
        0,
        0,
        0,
        0,
        0,
        0,
        0,
        0,
        0,
        0,
        0,
        0,
        0,
        0,
        0,
        0,
        0,
        0,
        0,
        0,
        0,
        0,
        0,
        0,
        0,
        0,
        0,
        0,
        0,
        0,
        0,
        0,
        0,
        0,
        0,
        0,
        0,
        0,
        0,
        0,
        0,
        0,
        0,
        0,
        0,
        0,
        0
      ]
    },
    {
      "command": "./bin/swc files/antd.js",
      "mean": 0.10609296010714284,
      "stddev": 0.0005627410229814191,
      "median": 0.106118394,
      "user": 0.08204221,
      "system": 0.02397258714285714,
      "min": 0.10513831700000001,
      "max": 0.10762120800000001,
      "times": [
        0.106330353,
        0.10762120800000001,
        0.106191216,
        0.10613676100000001,
        0.106100027,
        0.10656709900000001,
        0.10710139,
        0.10534926400000001,
        0.10551661600000001,
        0.105845109,
        0.10513831700000001,
        0.10569322,
        0.105492448,
        0.105517025,
        0.105537484,
        0.10589400900000001,
        0.10657952600000001,
        0.105736809,
        0.10631361900000001,
        0.10639163800000001,
        0.106408793,
        0.10653230100000001,
        0.10598789700000001,
        0.10673026000000001,
        0.10613692500000001,
        0.106517394,
        0.10565144600000001,
        0.105584729
      ],