{
  "results": [
    {
      "command": "./bin/yuku files/antd.js",
      "mean": 0.06320813820595744,
      "stddev": 0.00034272374304965416,
      "median": 0.06315766244,
      "user": 0.04737551021276596,
      "system": 0.015767383404255316,
      "min": 0.06253831044,
      "max": 0.06420186144,
      "times": [
        0.06282861444,
        0.06328130343999999,
        0.06291736144,
        0.06349749944,
        0.06319196644,
        0.06324458544,
        0.06308183044,
        0.06332226044,
        0.06323852344,
        0.06347976644,
        0.06407712743999999,
        0.06383582444,
        0.06325744844,
        0.06288731444,
        0.06253831044,
        0.06275396444,
        0.06291921544,
        0.06291146044,
        0.06314988544,
        0.06332242344,
        0.06286112644,
        0.06312826744,
        0.06310657643999999,
        0.06325958344,
        0.06314687244,
        0.06302250844,
        0.06336856844,
        0.06310807943999999,
        0.06326974044,
        0.06346873643999999,
        0.06267042744,
        0.06292235044,
        0.06297550044,
        0.06297401744,
        0.06280855744,
        0.06315766244,
        0.06303304944,
        0.06392588244,
        0.06420186144,
        0.06359094844,
        0.06338411744,
        0.06296257644,
        0.06310603544,
        0.06351707644,
        0.06327521243999999,
        0.06340890344,
        0.06339157144
      ],
      "memory_usage_byte": [
        31113216,
        31113216,
        31113216,
        31113216,
        31113216,
        31113216,
        31113216,
        31113216,
        31113216,
        31113216,
        31113216,
        31113216,
        31113216,
        31113216,
        31113216,
        31113216,
        31113216,
        31113216,
        31113216,
        31113216,
        31113216,
        31113216,
        31113216,
        31113216,
        31113216,
        31113216,
        31113216,
        31113216,
        31113216,
        31113216,
        31113216,
        31113216,
        31113216,
        31113216,
        31113216,
        31113216,
        31113216,
        31113216,
        31113216,
        31113216,
        31113216,
        31113216,
        31113216,
        31113216,
        31113216,
        31113216,
        31113216
      ],
      "exit_codes": [
        0,
        0,
        0,
        0,
        0,
        0,
        0,
        0,
        0,
        0,
        0,
        0,
        0,
        0,
        0,
        0,
        0,
        0,
        0,
        0,
        0,
        0,
        0,
        0,
        0,
        0,
        0,
        0,
        0,
        0,
        0,
        0,
        0,
        0,
        0,
        0,
        0,
        0,
        0,
        0,
        0,
        0,
        0,
        0,
        0,
        0,
        0
      ]
    },
    {
      "command": "./bin/oxc files/antd.js",
      "mean": 0.06269231244,
      "stddev": 0.0004579350186780725,
      "median": 0.06264391193999999,
      "user": 0.0406039052173913,
      "system": 0.022032812173913043,
      "min": 0.06188228344,
      "max": 0.06387265644,
      "times": [
        0.06319805144,
        0.06331891844,
        0.06300410744,
        0.06281604544,
        0.06284902444,
        0.06368311244,
        0.06374622244,
        0.06387265644,
        0.06299090344,
        0.06288200044,
        0.06266781644,
        0.06275283644,
        0.06266429043999999,
        0.06246453544,
        0.06226113444000001,
        0.06285077044,
        0.06270740143999999,
        0.062355591440000004,
        0.06360010544,
        0.06238746144000001,
        0.06320058644,
        0.06228346544,
        0.06218792344000001,
        0.06263396244,
        0.06227859644000001,
        0.06247628444000001,
        0.06250479144,
        0.06196938644,
        0.06220149244,
        0.06290111544,
        0.06267444243999999,
        0.06243531144000001,
        0.06234902944,
        0.06317616044,
        0.06262651043999999,
        0.06188228344,
        0.06232090744000001,
        0.06291848644,
        0.06279432743999999,
        0.06228774444000001,
        0.06249559444,
        0.06260873743999999,
        0.06265386144,
        0.06216308044000001,
        0.06225761744,
        0.062491687440000006
      ],
      "memory_usage_byte": [
        43065344,
        43065344,
        43065344,
        43065344,
        43065344,
        43065344,
        43065344,
        43065344,
        43065344,
        43065344,
        43065344,
        43065344,
        43065344,
        43065344,
        43065344,
        43065344,
        43065344,
        43065344,
        43065344,
        43065344,
        43065344,
        43065344,
        43065344,
        43065344,
        43065344,
        43065344,
        43065344,
        43065344,
        43065344,
        43065344,
        43065344,
        43065344,
        43065344,
        43065344,
        43065344,
        43065344,
        43065344,
        43065344,
        43065344,
        43065344,
        43065344,
        43065344,
        43065344,
        43065344,
        43065344,
        43065344
      ],
      "exit_codes": [
        0,
        0,
        0,
        0,
        0,
        0,
        0,
        0,
        0,
        0,
        0,
        0,
        0,
        0,
        0,
        0,
        0,
        0,
        0,
        0,
        0,
        0,
        0,
        0,
        0,
        0,
        0,
        0,
        0,
        0,
        0,
        0,
        0,
        0,
        0,
        0,
        0,
        0,
        0,
        0,
        0,
        0,
        0,
        0,
        0,
        0
      ]
    },
    {
      "command": "./bin/swc files/antd.js",
      "mean": 0.12682542391826088,
      "stddev": 0.0008074784511454524,
      "median": 0.12688404144,
      "user": 0.09252825304347824,
      "system": 0.034218268695652164,
      "min": 0.12469810844000001,
      "max": 0.12814034044,
      "times": [
        0.12469810844000001,
        0.12630275044,
        0.12642976944,
        0.12665575344,
        0.12575700744,
        0.12565635844,
        0.12659836544,
        0.12727072744,
        0.12729540344,
        0.12688404144,
        0.12684770244000002,
        0.12725288344,
        0.12768956244000002,
        0.12636018944,
        0.12610819644000001,
        0.12693940444000001,
        0.12794872144,
        0.12726696844,
        0.12814034044,
        0.12778685544,
        0.12709275144,
        0.12748141244,
        0.12652147644
      ],
      "memory_usage_byte": [
        70660096,
        70660096,
        70660096,
        70660096,
        70660096,
        70660096,
        70660096,
        70660096,
        70660096,
        70660096,
        70660096,
        70660096,
        70660096,
        70660096,
        70660096,
        70660096,
        70660096,
        70660096,
        70660096,
        70660096,
        70660096,
        70660096,
        70660096
      ],
      "exit_codes": [
        0,
        0,
        0,
        0,
        0,
        0,
        0,
        0,
        0,
        0,
        0,
        0,
        0,
        0,
        0,
        0,
        0,
        0,
        0,
        0,
        0,
        0,
        0
      ]
    }
  ]
}
