{
  "results": [
    {
      "command": "./bin/yuku files/antd.js",
      "mean": 0.06228797243166665,
      "stddev": 0.0008077046807501761,
      "median": 0.062073069140000006,
      "user": 0.047047185,
      "system": 0.015205440833333334,
      "min": 0.06150841364000001,
      "max": 0.06654087064000001,
      "times": [
        0.061730315640000005,
        0.06179962464000001,
        0.061690491640000004,
        0.061621744640000004,
        0.061694920640000005,
        0.06179039864000001,
        0.06189108564000001,
        0.06150841364000001,
        0.06234114364000001,
        0.06186130964,
        0.061896395640000004,
        0.06196162664,
        0.06213082064,
        0.06259379364,
        0.06326524264000001,
        0.06220831564000001,
        0.06231549564000001,
        0.06187524564000001,
        0.06203862964000001,
        0.06456812864,
        0.06654087064000001,
        0.06288767064,
        0.06211625364000001,
        0.06194066764,
        0.06193736164000001,
        0.06237040664,
        0.06204668564,
        0.06193531764,
        0.06265081864000001,
        0.062322227640000005,
        0.06206016064,
        0.06282957164000001,
        0.06253555564,
        0.06222577864000001,
        0.06241124264,
        0.06181184864000001,
        0.06208597764000001,
        0.061731527640000006,
        0.06200469664000001,
        0.061956246640000004,
        0.06196100564000001,
        0.06211302864000001,
        0.062090105640000004,
        0.06202952364,
        0.06287519764,
        0.06253998364,
        0.06249472864000001,
        0.06253507364000001
      ],
      "memory_usage_byte": [
        31113216,
        31113216,
        31113216,
        31113216,
        31113216,
        31113216,
        31113216,
        31113216,
        31113216,
        31113216,
        31113216,
        31113216,
        31113216,
        31113216,
        31113216,
        31113216,
        31113216,
        31113216,
        31113216,
        31113216,
        31113216,
        31113216,
        31113216,
        31113216,
        31113216,
        31113216,
        31113216,
        31113216,
        31113216,
        31113216,
        31113216,
        31113216,
        31113216,
        31113216,
        31113216,
        31113216,
        31113216,
        31113216,
        31113216,
        31113216,
        31113216,
        31113216,
        31113216,
        31113216,
        31113216,
        31113216,
        31113216,
        31113216
      ],
      "exit_codes": [
        0,
        0,
        0,
        0,
        0,
        0,
        0,
        0,
        0,
        0,
        0,
        0,
        0,
        0,
        0,
        0,
        0,
        0,
        0,
        0,
        0,
        0,
        0,
        0,
        0,
        0,
        0,
        0,
        0,
        0,
        0,
        0,
        0,
        0,
        0,
        0,
        0,
        0,
        0,
        0,
        0,
        0,
        0,
        0,
        0,
        0,
        0,
        0
      ]
    },
    {
      "command": "./bin/oxc files/antd.js",
      "mean": 0.06292207946978723,
      "stddev": 0.0004973609451396755,
      "median": 0.06293154764,
      "user": 0.04214667702127659,
      "system": 0.020726558297872344,
      "min": 0.062018729640000006,
      "max": 0.06442574964,
      "times": [
        0.06298261364,
        0.06255206164,
        0.06247662164000001,
        0.06254391664,
        0.062018729640000006,
        0.06253486964,
        0.06309013364,
        0.06326819564000001,
        0.06380235664,
        0.06307193964,
        0.06273601464,
        0.06263977564,
        0.06252011264,
        0.06326203664,
        0.06333337564000001,
        0.06297558064,
        0.06270999664,
        0.06314234064,
        0.06298921564000001,
        0.06304776464,
        0.06311485964,
        0.06274469064,
        0.06366445264000001,
        0.06295428064000001,
        0.06225013964000001,
        0.06304198364000001,
        0.06288580364,
        0.06320777264,
        0.06319219364,
        0.06332464064000001,
        0.06301747764,
        0.062232347640000005,
        0.06270750164000001,
        0.06240856464000001,
        0.06281275664000001,
        0.06324937964,
        0.06285788164,
        0.06442574964,
        0.06332510064,
        0.06283857564,
        0.06293154764,
        0.06245789664000001,
        0.06249828164,
        0.062429192640000006,
        0.06246868664000001,
        0.06219748164000001,
        0.06440084364000001
      ],
      "memory_usage_byte": [
        43065344,
        43065344,
        43065344,
        43065344,
        43065344,
        43065344,
        43065344,
        43065344,
        43065344,
        43065344,
        43065344,
        43065344,
        43065344,
        43065344,
        43065344,
        43065344,
        43065344,
        43065344,
        43065344,
        43065344,
        43065344,
        43065344,
        43065344,
        43065344,
        43065344,
        43065344,
        43065344,
        43065344,
        43065344,
        43065344,
        43065344,
        43065344,
        43065344,
        43065344,
        43065344,
        43065344,
        43065344,
        43065344,
        43065344,
        43065344,
        43065344,
        43065344,
        43065344,
        43065344,
        43065344,
        43065344,
        43065344
      ],
      "exit_codes": [
        0,
        0,
        0,
        0,
        0,
        0,
        0,
        0,
        0,
        0,
        0,
        0,
        0,
        0,
        0,
        0,
        0,
        0,
        0,
        0,
        0,
        0,
        0,
        0,
        0,
        0,
        0,
        0,
        0,
        0,
        0,
        0,
        0,
        0,
        0,
        0,
        0,
        0,
        0,
        0,
        0,
        0,
        0,
        0,
        0,
        0,
        0
      ]
    },
    {
      "command": "./bin/swc files/antd.js",
      "mean": 0.12248362047333335,
      "stddev": 0.0007645268385510908,
      "median": 0.12262010164,
      "user": 0.09041747666666666,
      "system": 0.03199608666666666,
      "min": 0.12134613464,
      "max": 0.12418715264,
      "times": [
        0.12252990864,
        0.12229507264000002,
        0.12387239664000001,
        0.12165931764000001,
        0.12134613464,
        0.12233333264000001,
        0.12206650464,
        0.12149846864000001,
        0.12325572964,
        0.12275895464000001,
        0.12281290464000001,
        0.12281336564,
        0.12282327464000001,
        0.12293876864000002,
        0.12271029464000001,
        0.12181190164000001,
        0.12418715264,
        0.12284036664,
        0.12135467064000001,
        0.12232266264000001,
        0.12317708264,
        0.12297213164000001,
        0.12178368964000001,
        0.12144280464000001
      ],
      "memory_usage_byte": [
        70660096,
        70660096,
        70660096,
        70660096,
        70660096,
        70660096,
        70660096,
        70660096,
        70660096,
        70660096,
        70660096,
        70660096,
        70660096,
        70660096,
        70660096,
        70660096,
        70660096,
        70660096,
        70660096,
        70660096,
        70660096,
        70660096,
        70660096,
        70660096
      ],
      "exit_codes": [
        0,
        0,
        0,
        0,
        0,
        0,
        0,
        0,
        0,
        0,
        0,
        0,
        0,
        0,
        0,
        0,
        0,
        0,
        0,
        0,
        0,
        0,
        0,
        0
      ]
    }
  ]
}
