{
  "results": [
    {
      "command": "./bin/yuku files/antd.js",
      "mean": 0.06229851200297871,
      "stddev": 0.0009564269097025869,
      "median": 0.06208254162,
      "user": 0.04745405574468087,
      "system": 0.014807883829787235,
      "min": 0.061513640620000004,
      "max": 0.06741096462,
      "times": [
        0.06183845162,
        0.06200629862000001,
        0.06182237262,
        0.06181798362,
        0.06208254162,
        0.06210089562,
        0.06741096462,
        0.06300598162,
        0.06247695462000001,
        0.061733674620000005,
        0.06209862162,
        0.06198194262000001,
        0.06215801462000001,
        0.06203845862,
        0.06181839362,
        0.061948940620000004,
        0.06183895362000001,
        0.06198989762000001,
        0.061817452620000005,
        0.061513640620000004,
        0.06177109562000001,
        0.062043167620000006,
        0.06217322262000001,
        0.06416912062,
        0.06224021862000001,
        0.06249288362000001,
        0.06264074262000001,
        0.062293088620000006,
        0.06228070462,
        0.062301554620000005,
        0.06202990162000001,
        0.06209857162,
        0.06201467362,
        0.062054558620000005,
        0.06189940762,
        0.06210445262,
        0.06179285562,
        0.06494406062000001,
        0.06212830762,
        0.06241517862000001,
        0.06249375562000001,
        0.06224068962000001,
        0.062281937620000005,
        0.06179363762000001,
        0.06191928362,
        0.062153274620000004,
        0.06175928262000001
      ],
      "memory_usage_byte": [
        31113216,
        31113216,
        31113216,
        31113216,
        31113216,
        31113216,
        31113216,
        31113216,
        31113216,
        31113216,
        31113216,
        31113216,
        31113216,
        31113216,
        31113216,
        31113216,
        31113216,
        31113216,
        31113216,
        31113216,
        31113216,
        31113216,
        31113216,
        31113216,
        31113216,
        31113216,
        31113216,
        31113216,
        31113216,
        31113216,
        31113216,
        31113216,
        31113216,
        31113216,
        31113216,
        31113216,
        31113216,
        31113216,
        31113216,
        31113216,
        31113216,
        31113216,
        31113216,
        31113216,
        31113216,
        31113216,
        31113216
      ],
      "exit_codes": [
        0,
        0,
        0,
        0,
        0,
        0,
        0,
        0,
        0,
        0,
        0,
        0,
        0,
        0,
        0,
        0,
        0,
        0,
        0,
        0,
        0,
        0,
        0,
        0,
        0,
        0,
        0,
        0,
        0,
        0,
        0,
        0,
        0,
        0,
        0,
        0,
        0,
        0,
        0,
        0,
        0,
        0,
        0,
        0,
        0,
        0,
        0
      ]
    },
    {
      "command": "./bin/oxc files/antd.js",
      "mean": 0.062429142495000006,
      "stddev": 0.0005187740728261403,
      "median": 0.06242820862000001,
      "user": 0.04136991833333333,
      "system": 0.021025507499999995,
      "min": 0.061390759620000006,
      "max": 0.06384148562,
      "times": [
        0.06176508562000001,
        0.061998875620000005,
        0.061680866620000004,
        0.062020626620000005,
        0.06191660062000001,
        0.06203737762,
        0.06202356162,
        0.06219973362,
        0.06185065662,
        0.06183586862000001,
        0.06210703962,
        0.06209996562,
        0.06200462662,
        0.061390759620000006,
        0.06180697462,
        0.062000298620000005,
        0.06206588162,
        0.06154530062000001,
        0.06238995162000001,
        0.06286950462,
        0.06267568962,
        0.06384148562,
        0.06333951962,
        0.06312582762,
        0.06319736262,
        0.06309300562,
        0.062498135620000006,
        0.062494919620000006,
        0.06219581662000001,
        0.06243767162000001,
        0.062281937620000005,
        0.06257467962,
        0.06287859162000001,
        0.06245989362,
        0.06239577362000001,
        0.06259857462,
        0.06332331862,
        0.06312829162,
        0.06266603162,
        0.06262168762,
        0.06300140362000001,
        0.06291823662,
        0.06262696862,
        0.06239969062,
        0.06259188162000001,
        0.06252601762,
        0.06241874562000001,
        0.06267812462000001
      ],
      "memory_usage_byte": [
        43065344,
        43065344,
        43065344,
        43065344,
        43065344,
        43065344,
        43065344,
        43065344,
        43065344,
        43065344,
        43065344,
        43065344,
        43065344,
        43065344,
        43065344,
        43065344,
        43065344,
        43065344,
        43065344,
        43065344,
        43065344,
        43065344,
        43065344,
        43065344,
        43065344,
        43065344,
        43065344,
        43065344,
        43065344,
        43065344,
        43065344,
        43065344,
        43065344,
        43065344,
        43065344,
        43065344,
        43065344,
        43065344,
        43065344,
        43065344,
        43065344,
        43065344,
        43065344,
        43065344,
        43065344,
        43065344,
        43065344,
        43065344
      ],
      "exit_codes": [
        0,
        0,
        0,
        0,
        0,
        0,
        0,
        0,
        0,
        0,
        0,
        0,
        0,
        0,
        0,
        0,
        0,
        0,
        0,
        0,
        0,
        0,
        0,
        0,
        0,
        0,
        0,
        0,
        0,
        0,
        0,
        0,
        0,
        0,
        0,
        0,
        0,
        0,
        0,
        0,
        0,
        0,
        0,
        0,
        0,
        0,
        0,
        0
      ]
    },
    {
      "command": "./bin/swc files/antd.js",
      "mean": 0.1233812351852174,
      "stddev": 0.0012260295646600175,
      "median": 0.12306192962000001,
      "user": 0.09026406869565216,
      "system": 0.03304529826086957,
      "min": 0.12164446662,
      "max": 0.12683844262,
      "times": [
        0.12683844262,
        0.12234830662000001,
        0.12242870862,
        0.12369906362000001,
        0.12278522362000001,
        0.12281834562,
        0.12306192962000001,
        0.12342835462000001,
        0.12424962062000001,
        0.12517723662,
        0.12514948462,
        0.12315818562000001,
        0.12228272762,
        0.12164446662,
        0.12192464462000001,
        0.12258055862,
        0.12269733862000001,
        0.12325627062000001,
        0.12259320262000001,
        0.12297487162000001,
        0.12490460362000001,
        0.12376298462,
        0.12400383762000002
      ],
      "memory_usage_byte": [
        70664192,
        70664192,
        70664192,
        70664192,
        70664192,
        70664192,
        70664192,
        70664192,
        70664192,
        70664192,
        70664192,
        70664192,
        70664192,
        70664192,
        70664192,
        70664192,
        70664192,
        70664192,
        70664192,
        70664192,
        70664192,
        70664192,
        70664192
      ],
      "exit_codes": [
        0,
        0,
        0,
        0,
        0,
        0,
        0,
        0,
        0,
        0,
        0,
        0,
        0,
        0,
        0,
        0,
        0,
        0,
        0,
        0,
        0,
        0,
        0
      ]
    }
  ]
}
