{
  "results": [
    {
      "command": "./bin/yuku files/antd.js",
      "mean": 0.03146812528117647,
      "stddev": 0.0013167187126212336,
      "median": 0.03126803194,
      "user": 0.02686754117647058,
      "system": 0.0036371894117647055,
      "min": 0.03041540694,
      "max": 0.039207239940000006,
      "times": [
        0.031393739940000005,
        0.031785614940000005,
        0.037809989940000004,
        0.03099119794,
        0.031704448940000005,
        0.03136094894,
        0.031273948940000004,
        0.03155969794,
        0.030788031940000002,
        0.030930655940000003,
        0.031577864940000006,
        0.03158236494,
        0.031476530940000004,
        0.030989697940000005,
        0.032273989940000004,
        0.030875572940000005,
        0.030468530940000002,
        0.03137673994,
        0.030985364940000003,
        0.031226031940000003,
        0.03106765594,
        0.03132878094,
        0.03112961494,
        0.03102719894,
        0.030691197940000005,
        0.030718156940000005,
        0.03101844794,
        0.030542322940000005,
        0.030660864940000004,
        0.031164531940000004,
        0.03126803194,
        0.03176444794,
        0.039207239940000006,
        0.031755572940000004,
        0.03181282294,
        0.03117923994,
        0.03139286494,
        0.03063657394,
        0.03131123994,
        0.03041540694,
        0.031313656940000004,
        0.030952405940000004,
        0.03129094894,
        0.03099061494,
        0.03206682294,
        0.03136773994,
        0.03126803194,
        0.03132336494,
        0.031276280940000005,
        0.03069082394,
        0.031318573940000004,
        0.031787198940000004,
        0.030925406940000004,
        0.031431906940000004,
        0.031039489940000005,
        0.031289281940000004,
        0.030863406940000004,
        0.030640989940000002,
        0.03099865694,
        0.03095490594,
        0.03230398994,
        0.03664407294,
        0.03167169794,
        0.030589072940000003,
        0.031048406940000002,
        0.031203364940000006,
        0.031366489940000006,
        0.03128644794,
        0.030847114940000003,
        0.03095278194,
        0.03125411494,
        0.031024448940000005,
        0.031114031940000002,
        0.030598864940000005,
        0.03165036494,
        0.03131194894,
        0.031004198940000005,
        0.03117532394,
        0.03147448994,
        0.030785655940000003,
        0.03207794894,
        0.031736114940000004,
        0.03137473994,
        0.03220140694,
        0.03177986494
      ],
      "memory_usage_byte": [
        32440320,
        32440320,
        32440320,
        32440320,
        32440320,
        32440320,
        32440320,
        32440320,
        32440320,
        32440320,
        32440320,
        32440320,
        32440320,
        32440320,
        32440320,
        32440320,
        32440320,
        32440320,
        32440320,
        32440320,
        32440320,
        32440320,
        32440320,
        32440320,
        32440320,
        32440320,
        32440320,
        32440320,
        32440320,
        32440320,
        32440320,
        32440320,
        32440320,
        32440320,
        32440320,
        32440320,
        32440320,
        32440320,
        32440320,
        32440320,
        32440320,
        32440320,
        32440320,
        32440320,
        32440320,
        32440320,
        32440320,
        32440320,
        32440320,
        32440320,
        32440320,
        32440320,
        32440320,
        32440320,
        32440320,
        32440320,
        32440320,
        32440320,
        32440320,
        32440320,
        32440320,
        32440320,
        32440320,
        32440320,
        32440320,
        32440320,
        32440320,
        32440320,
        32440320,
        32440320,
        32440320,
        32440320,
        32440320,
        32440320,
        32440320,
        32440320,
        32440320,
        32440320,
        32440320,
        32440320,
        32440320,
        32440320,
        32440320,
        32440320,
        32440320
      ],
      "exit_codes": [
        0,
        0,
        0,
        0,
        0,
        0,
        0,
        0,
        0,
        0,
        0,
        0,
        0,
        0,
        0,
        0,
        0,
        0,
        0,
        0,
        0,
        0,
        0,
        0,
        0,
        0,
        0,
        0,
        0,
        0,
        0,
        0,
        0,
        0,
        0,
        0,
        0,
        0,
        0,
        0,
        0,
        0,
        0,
        0,
        0,
        0,
        0,
        0,
        0,
        0,
        0,
        0,
        0,
        0,
        0,
        0,
        0,
        0,
        0,
        0,
        0,
        0,
        0,
        0,
        0,
        0,
        0,
        0,
        0,
        0,
        0,
        0,
        0,
        0,
        0,
        0,
        0,
        0,
        0,
        0,
        0,
        0,
        0,
        0,
        0
      ]
    },
    {
      "command": "./bin/oxc files/antd.js",
      "mean": 0.03384977687750002,
      "stddev": 0.0008312689619840617,
      "median": 0.03372715644,
      "user": 0.027963662499999993,
      "system": 0.004997697500000003,
      "min": 0.032665031940000006,
      "max": 0.04004978094,
      "times": [
        0.03365715694,
        0.03385323994,
        0.03323698994,
        0.03421611494,
        0.03330423994,
        0.033848739940000004,
        0.033646197940000004,
        0.03337444794,
        0.03351582394,
        0.03349873994,
        0.03407890694,
        0.04004978094,
        0.034309281940000005,
        0.034749447940000004,
        0.033724280940000004,
        0.03460478094,
        0.03390853194,
        0.03283903194,
        0.03352682294,
        0.03378640594,
        0.03346911494,
        0.03391290694,
        0.03354123994,
        0.03356690594,
        0.03353498994,
        0.033969031940000005,
        0.034617698940000004,
        0.03415403094,
        0.03350340694,
        0.033681739940000004,
        0.03402019794,
        0.034146447940000005,
        0.03398394894,
        0.03365436494,
        0.033500447940000004,
        0.03352278094,
        0.03372282394,
        0.03369423994,
        0.03371794794,
        0.03374557294,
        0.033981281940000004,
        0.03455661494,
        0.03350598994,
        0.03413328194,
        0.03286586494,
        0.033943906940000004,
        0.03373003194,
        0.034176781940000005,
        0.03424044794,
        0.034217489940000005,
        0.033646406940000005,
        0.03351794794,
        0.03404515694,
        0.035029780940000005,
        0.03425444794,
        0.03325440594,
        0.03348286494,
        0.03354332394,
        0.03387665694,
        0.03436461494,
        0.033404197940000005,
        0.033567822940000006,
        0.03395257394,
        0.033745739940000005,
        0.033817031940000006,
        0.03322194794,
        0.03381065594,
        0.032665031940000006,
        0.03325786494,
        0.034896197940000005,
        0.03309932294,
        0.033439989940000005,
        0.033841489940000004,
        0.03403998994,
        0.03344898994,
        0.03349140594,
        0.033147489940000004,
        0.03324503194,
        0.03396303094,
        0.03417023994
      ],