{
  "results": [
    {
      "command": "./bin/yuku files/antd.js",
      "mean": 0.024231375914054047,
      "stddev": 0.00021135832382111134,
      "median": 0.02421060786,
      "user": 0.02163157765765766,
      "system": 0.002190431711711712,
      "min": 0.02388656586,
      "max": 0.02544114886,
      "times": [
        0.02397739886,
        0.02475394086,
        0.02408860786,
        0.024320690859999997,
        0.024431940859999998,
        0.024528940859999997,
        0.02427523286,
        0.02429910786,
        0.02424877386,
        0.02424164986,
        0.02436552386,
        0.02428739886,
        0.024213815859999998,
        0.024379273859999998,
        0.02408873186,
        0.024484606859999997,
        0.02407681586,
        0.02418756586,
        0.02410185786,
        0.024050190859999997,
        0.024157690859999997,
        0.024229523859999998,
        0.024368273859999998,
        0.02438285786,
        0.024302524859999997,
        0.024383690859999998,
        0.02414914886,
        0.024283065859999998,
        0.024263482859999998,
        0.02403460686,
        0.024226523859999998,
        0.02409360686,
        0.02406956586,
        0.02412285786,
        0.02431348286,
        0.02429748286,
        0.02420989886,
        0.02402960686,
        0.02397264986,
        0.02544114886,
        0.02443694086,
        0.02424764886,
        0.024126524859999998,
        0.02415864886,
        0.024107107859999997,
        0.02430606586,
        0.02409131586,
        0.02408164886,
        0.02421431586,
        0.02405144086,
        0.02420573286,
        0.02424102386,
        0.02435469086,
        0.02404519086,
        0.02405519086,
        0.02396364886,
        0.023997899859999998,
        0.02413969086,
        0.02410564886,
        0.02443185786,
        0.02413944086,
        0.02419573286,
        0.02413114886,
        0.024183482859999997,
        0.02405948286,
        0.02489956586,
        0.02469506586,
        0.024484190859999998,
        0.02428448186,
        0.02397219086,
        0.02441369086,
        0.02443014886,
        0.02421631586,
        0.024105399859999998,
        0.02397739886,
        0.023988065859999998,
        0.02409627486,
        0.02401952386,
        0.024143274859999998,
        0.02442760786,
        0.02412944086,
        0.02436948286,
        0.02428039886,
        0.02419073186,
        0.02421060786,
        0.02433919086,
        0.02421827386,
        0.02428089886,
        0.02421039886,
        0.02420156586,
        0.02430794086,
        0.02422139886,
        0.02423506586,
        0.02404502386,
        0.02388656586,
        0.02409798286,
        0.02418044086,
        0.02395885786,
        0.02412431586,
        0.02408727486,
        0.02436835786,
        0.024229648859999998,
        0.02416981586,
        0.02421760786,
        0.02435469086,
        0.024002857859999997,
        0.02425102386,
        0.02423073286,
        0.024382273859999998,
        0.024848315859999998,
        0.02409306586
      ],
      "exit_codes": [
        0,
        0,
        0,
        0,
        0,
        0,
        0,
        0,
        0,
        0,
        0,
        0,
        0,
        0,
        0,
        0,
        0,
        0,
        0,
        0,
        0,
        0,
        0,
        0,
        0,
        0,
        0,
        0,
        0,
        0,
        0,
        0,
        0,
        0,
        0,
        0,
        0,
        0,
        0,
        0,
        0,
        0,
        0,
        0,
        0,
        0,
        0,
        0,
        0,
        0,
        0,
        0,
        0,
        0,
        0,
        0,
        0,
        0,
        0,
        0,
        0,
        0,
        0,
        0,
        0,
        0,
        0,
        0,
        0,
        0,
        0,
        0,
        0,
        0,
        0,
        0,
        0,
        0,
        0,
        0,
        0,
        0,
        0,
        0,
        0,
        0,
        0,
        0,
        0,
        0,
        0,
        0,
        0,
        0,
        0,
        0,
        0,
        0,
        0,
        0,
        0,
        0,
        0,
        0,
        0,
        0,
        0,
        0,
        0,
        0,
        0
      ]
    },
    {
      "command": "./bin/oxc files/antd.js",
      "mean": 0.023993460823963968,
      "stddev": 0.0007870297626026245,
      "median": 0.023900815859999997,
      "user": 0.02054190198198198,
      "system": 0.0028503236036036017,
      "min": 0.023599940859999998,
      "max": 0.031805274859999996,
      "times": [
        0.02416848286,
        0.024328565859999998,
        0.02434810786,
        0.024207481859999998,
        0.024174940859999997,
        0.02438644086,
        0.02414085786,
        0.02409694086,
        0.024031357859999998,
        0.031805274859999996,
        0.025621023859999998,
        0.02440960686,
        0.024046148859999998,
        0.024326523859999998,
        0.02406335786,
        0.023966399859999998,
        0.02395248286,
        0.02388077386,
        0.02390114986,
        0.023951107859999998,
        0.02412406586,
        0.02396794086,
        0.02392977486,
        0.023690607859999997,
        0.02374935786,
        0.023722898859999998,
        0.02379623286,
        0.02380973286,
        0.02374564986,
        0.023914024859999997,
        0.02391456586,
        0.02363602486,
        0.024067940859999998,
        0.02394152486,
        0.02391269086,
        0.02403339986,
        0.02367448286,
        0.023913523859999997,
        0.02396377386,
        0.02372169086,
        0.023760857859999998,
        0.024119524859999998,
        0.02410485786,
        0.02390656586,
        0.02431135786,
        0.024149357859999998,
        0.02388602486,
        0.024001815859999998,
        0.023947232859999997,
        0.02400652386,
        0.02374294086,
        0.02386144086,
        0.02406960686,
        0.023683481859999998,
        0.023900815859999997,
        0.023704607859999997,
        0.02384173186,
        0.02374802386,
        0.02382910786,
        0.02366227486,
        0.02382460786,
        0.02410273286,
        0.02390410686,
        0.023725356859999998,
        0.024020232859999997,
        0.02377506586,
        0.02365719086,
        0.02373277486,
        0.023930773859999997,
        0.023980274859999998,
        0.023877982859999997,
        0.02392369086,
        0.02364823186,
        0.02369106586,
        0.02392369086,
        0.02373306586,
        0.023706815859999997,
        0.02415073286,
        0.02375694086,
        0.02389644086,
        0.023637315859999997,
        0.02398164886,
        0.02388319086,
        0.02377056586,
        0.02384119086,
        0.02411219086,
        0.023708357859999998,
        0.02418860786,
        0.02381673186,
        0.02379998286,
        0.02378569086,
        0.02399019086,
        0.02371827386,
        0.02391564886,
        0.02377356586,
        0.023952523859999998,
        0.02389881586,
        0.024069232859999998,
        0.02374202486,
        0.02386414886,
        0.023599940859999998,
        0.02378573286,
        0.02379581586,
        0.02370906586,
        0.023748399859999998,
        0.02375356586,
        0.02371685686,
        0.02378744086,
        0.02372660786,
        0.02386185686,
        0.02410210686
      ],