{
  "results": [
    {
      "command": "./bin/yuku files/antd.js",
      "mean": 0.06381624461488371,
      "stddev": 0.0011386371850648244,
      "median": 0.06355542908,
      "user": 0.04808468093023255,
      "system": 0.015683162790697674,
      "min": 0.06290438808000001,
      "max": 0.06853004808,
      "times": [
        0.06838440508,
        0.06391637708,
        0.06509369408,
        0.06410726508,
        0.06315083008000001,
        0.06307195208000001,
        0.06437383408000001,
        0.06401203608,
        0.06398578708000001,
        0.06388767308000001,
        0.06391349008000001,
        0.06355542908,
        0.06349288208000001,
        0.06331173208,
        0.06331910608,
        0.06314558108000001,
        0.06310082708,
        0.06396735208000001,
        0.06437259208000001,
        0.06324110008,
        0.06408902008,
        0.06301726008000001,
        0.06290438808000001,
        0.06321292708000001,
        0.06384948108,
        0.06405590808,
        0.06341307208000001,
        0.06343077608,
        0.06321143408,
        0.06319290908000001,
        0.06314271608000001,
        0.06327216808000001,
        0.06323839408000001,
        0.06292872408000001,
        0.06299918708,
        0.06853004808,
        0.06340261308,
        0.06355988808,
        0.06392923108000001,
        0.06410148408,
        0.06384193608000001,
        0.06376587408,
        0.06360513308
      ],
      "memory_usage_byte": [
        31494144,
        31494144,
        31494144,
        31494144,
        31494144,
        31494144,
        31494144,
        31494144,
        31494144,
        31494144,
        31494144,
        31494144,
        31494144,
        31494144,
        31494144,
        31494144,
        31494144,
        31494144,
        31494144,
        31494144,
        31494144,
        31494144,
        31494144,
        31494144,
        31494144,
        31494144,
        31494144,
        31494144,
        31494144,
        31494144,
        31494144,
        31494144,
        31494144,
        31494144,
        31494144,
        31494144,
        31494144,
        31494144,
        31494144,
        31494144,
        31494144,
        31494144,
        31494144
      ],
      "exit_codes": [
        0,
        0,
        0,
        0,
        0,
        0,
        0,
        0,
        0,
        0,
        0,
        0,
        0,
        0,
        0,
        0,
        0,
        0,
        0,
        0,
        0,
        0,
        0,
        0,
        0,
        0,
        0,
        0,
        0,
        0,
        0,
        0,
        0,
        0,
        0,
        0,
        0,
        0,
        0,
        0,
        0,
        0,
        0
      ]
    },
    {
      "command": "./bin/oxc files/antd.js",
      "mean": 0.06295221008000002,
      "stddev": 0.0013377944652098587,
      "median": 0.06294056008000001,
      "user": 0.04220893872340427,
      "system": 0.020685978723404257,
      "min": 0.06149345908000001,
      "max": 0.07101205908000001,
      "times": [
        0.06184321408,
        0.06202353208000001,
        0.06383760008,
        0.06230063108,
        0.06370402008,
        0.06287760208000001,
        0.06323239608,
        0.061881095080000004,
        0.061666132080000005,
        0.061507185080000006,
        0.06149345908000001,
        0.06246545008000001,
        0.06367151808,
        0.06292131408000001,
        0.06257378208,
        0.06305407208000001,
        0.06306633508000001,
        0.07101205908000001,
        0.06307090408,
        0.06306942208,
        0.06221593308000001,
        0.062435594080000004,
        0.062307875080000005,
        0.06259996108,
        0.06333817508,
        0.06255852508000001,
        0.06241371208,
        0.06232051808000001,
        0.06199622108000001,
        0.06362748608,
        0.06257062708000001,
        0.062394436080000004,
        0.06315320808000001,
        0.06301116208,
        0.06318142108000001,
        0.06344773008,
        0.06353710708,
        0.06274000408000001,
        0.06294056008000001,
        0.06261880708,
        0.06329760808000001,
        0.06298229808000001,
        0.06307347808000001,
        0.06294560908,
        0.06335463508000001,
        0.06327994608000001,
        0.06313951208
      ],
      "memory_usage_byte": [
        43065344,
        43065344,
        43065344,
        43065344,
        43065344,
        43065344,
        43065344,
        43065344,
        43065344,
        43065344,
        43065344,
        43065344,
        43065344,
        43065344,
        43065344,
        43065344,
        43065344,
        43065344,
        43065344,
        43065344,
        43065344,
        43065344,
        43065344,
        43065344,
        43065344,
        43065344,
        43065344,
        43065344,
        43065344,
        43065344,
        43065344,
        43065344,
        43065344,
        43065344,
        43065344,
        43065344,
        43065344,
        43065344,
        43065344,
        43065344,
        43065344,
        43065344,
        43065344,
        43065344,
        43065344,
        43065344,
        43065344
      ],
      "exit_codes": [
        0,
        0,
        0,
        0,
        0,
        0,
        0,
        0,
        0,
        0,
        0,
        0,
        0,
        0,
        0,
        0,
        0,
        0,
        0,
        0,
        0,
        0,
        0,
        0,
        0,
        0,
        0,
        0,
        0,
        0,
        0,
        0,
        0,
        0,
        0,
        0,
        0,
        0,
        0,
        0,
        0,
        0,
        0,
        0,
        0,
        0,
        0
      ]
    },
    {
      "command": "./bin/swc files/antd.js",
      "mean": 0.13249281447130432,
      "stddev": 0.006268287206565646,
      "median": 0.13013060208,
      "user": 0.09686287304347826,
      "system": 0.03554369565217391,
      "min": 0.12686188807999998,
      "max": 0.15136711908,
      "times": [
        0.12888149608,
        0.13014466908,
        0.13013060208,
        0.13107917708,
        0.13151073408,
        0.12772463908,
        0.12831724008,
        0.12866955008,
        0.14467246608,
        0.12853720208,
        0.13155137008,
        0.12859583108,
        0.12686188807999998,
        0.13008005808,
        0.12785861308,
        0.12996021408,
        0.12771534508,
        0.15136711908,
        0.13237182508,
        0.14080634308,
        0.14147617608,
        0.13454232508,
        0.13447984908
      ],
      "memory_usage_byte": [
        70680576,
        70680576,
        70680576,
        70680576,
        70680576,
        70680576,
        70680576,
        70680576,
        70680576,
        70680576,
        70680576,
        70680576,
        70680576,
        70680576,
        70680576,
        70680576,
        70680576,
        70680576,
        70680576,
        70680576,
        70680576,
        70680576,
        70680576
      ],
      "exit_codes": [
        0,
        0,
        0,
        0,
        0,
        0,
        0,
        0,
        0,
        0,
        0,
        0,
        0,
        0,
        0,
        0,
        0,
        0,
        0,
        0,
        0,
        0,
        0
      ]
    }
  ]
}
