{
  "results": [
    {
      "command": "./bin/yuku files/antd.js",
      "mean": 0.062399731985957434,
      "stddev": 0.0011271207712831698,
      "median": 0.06211509422,
      "user": 0.04743682085106383,
      "system": 0.014923650638297864,
      "min": 0.061621611220000004,
      "max": 0.06765524922,
      "times": [
        0.06241833122,
        0.06232607922,
        0.06278384622000001,
        0.06227317022000001,
        0.06251978122,
        0.06234422322000001,
        0.062004207219999996,
        0.06178810322,
        0.061869274220000006,
        0.06184270522,
        0.06296090722,
        0.061949955220000005,
        0.06286944622,
        0.06262746322,
        0.06218899222,
        0.062155520219999996,
        0.06205482222,
        0.06174931022,
        0.06212005422,
        0.06193433622,
        0.06211509422,
        0.062272278220000005,
        0.06192101122,
        0.06190389922,
        0.061621611220000004,
        0.06726526922,
        0.06204861022000001,
        0.06188238922,
        0.062288860220000006,
        0.06184766422,
        0.061655014220000005,
        0.06188673822,
        0.061969412220000006,
        0.06270539922,
        0.06200124122,
        0.06263758222,
        0.06258022522000001,
        0.061918888219999996,
        0.06204609622,
        0.06204654622,
        0.06245367822,
        0.06243432922,
        0.06205783822000001,
        0.06214372822,
        0.06201116022,
        0.06765524922,
        0.06263706122
      ],
      "memory_usage_byte": [
        31113216,
        31113216,
        31113216,
        31113216,
        31113216,
        31113216,
        31113216,
        31113216,
        31113216,
        31113216,
        31113216,
        31113216,
        31113216,
        31113216,
        31113216,
        31113216,
        31113216,
        31113216,
        31113216,
        31113216,
        31113216,
        31113216,
        31113216,
        31113216,
        31113216,
        31113216,
        31113216,
        31113216,
        31113216,
        31113216,
        31113216,
        31113216,
        31113216,
        31113216,
        31113216,
        31113216,
        31113216,
        31113216,
        31113216,
        31113216,
        31113216,
        31113216,
        31113216,
        31113216,
        31113216,
        31113216,
        31113216
      ],
      "exit_codes": [
        0,
        0,
        0,
        0,
        0,
        0,
        0,
        0,
        0,
        0,
        0,
        0,
        0,
        0,
        0,
        0,
        0,
        0,
        0,
        0,
        0,
        0,
        0,
        0,
        0,
        0,
        0,
        0,
        0,
        0,
        0,
        0,
        0,
        0,
        0,
        0,
        0,
        0,
        0,
        0,
        0,
        0,
        0,
        0,
        0,
        0,
        0
      ]
    },
    {
      "command": "./bin/oxc files/antd.js",
      "mean": 0.06350257472,
      "stddev": 0.0005191567422818896,
      "median": 0.06342934772,
      "user": 0.041694031304347824,
      "system": 0.02174907478260869,
      "min": 0.06266673622,
      "max": 0.06588056822,
      "times": [
        0.06344729022000001,
        0.06305193622000001,
        0.06343776822,
        0.06358759522,
        0.06407544422,
        0.06413771422,
        0.06368789622,
        0.06373065622,
        0.06353516322,
        0.06387650922,
        0.06588056822,
        0.06391722222,
        0.06387625922000001,
        0.06342092722,
        0.06359299222,
        0.06339194922000001,
        0.06367342922000001,
        0.06334348222,
        0.06405878022,
        0.06439367722,
        0.06304286922,
        0.06359039322,
        0.06352915922,
        0.06335732822000001,
        0.06307071222,
        0.06376477022,
        0.06339028922,
        0.06310790122,
        0.06300715322,
        0.06318669822,
        0.06316345922,
        0.06348779222,
        0.06300747422,
        0.06293421622,
        0.06278428622,
        0.06266673622,
        0.06377943822,
        0.06321507122,
        0.06332954522,
        0.06323330622000001,
        0.06328988222,
        0.06350888122000001,
        0.06296282922,
        0.06330686422000001,
        0.06331226322,
        0.06397185722
      ],
      "memory_usage_byte": [
        43065344,
        43065344,
        43065344,
        43065344,
        43065344,
        43065344,
        43065344,
        43065344,
        43065344,
        43065344,
        43065344,
        43065344,
        43065344,
        43065344,
        43065344,
        43065344,
        43065344,
        43065344,
        43065344,
        43065344,
        43065344,
        43065344,
        43065344,
        43065344,
        43065344,
        43065344,
        43065344,
        43065344,
        43065344,
        43065344,
        43065344,
        43065344,
        43065344,
        43065344,
        43065344,
        43065344,
        43065344,
        43065344,
        43065344,
        43065344,
        43065344,
        43065344,
        43065344,
        43065344,
        43065344,
        43065344
      ],
      "exit_codes": [
        0,
        0,
        0,
        0,
        0,
        0,
        0,
        0,
        0,
        0,
        0,
        0,
        0,
        0,
        0,
        0,
        0,
        0,
        0,
        0,
        0,
        0,
        0,
        0,
        0,
        0,
        0,
        0,
        0,
        0,
        0,
        0,
        0,
        0,
        0,
        0,
        0,
        0,
        0,
        0,
        0,
        0,
        0,
        0,
        0,
        0
      ]
    },
    {
      "command": "./bin/swc files/antd.js",
      "mean": 0.1241794990116667,
      "stddev": 0.0009496866285956182,
      "median": 0.12395457722,
      "user": 0.09095751499999999,
      "system": 0.03314505666666666,
      "min": 0.12246254122000001,
      "max": 0.12578321322000002,
      "times": [
        0.12310960022,
        0.12404747622000001,
        0.12451491022000001,
        0.12365409922000001,
        0.12386167822000001,
        0.12333296822,
        0.12369082822000001,
        0.12557341022000001,
        0.12363270622,
        0.12574506022,
        0.12420474022000001,
        0.12348030422,
        0.12449319922,
        0.12246254122000001,
        0.12362993422,
        0.12358102322,
        0.12534838922000002,
        0.12444467822000001,
        0.12289611122,
        0.12578321322000002,
        0.12533865122,
        0.12418807822000001,
        0.12559874822000003,
        0.12369562722
      ],
      "memory_usage_byte": [
        70684672,
        70684672,
        70684672,
        70684672,
        70684672,
        70684672,
        70684672,
        70684672,
        70684672,
        70684672,
        70684672,
        70684672,
        70684672,
        70684672,
        70684672,
        70684672,
        70684672,
        70684672,
        70684672,
        70684672,
        70684672,
        70684672,
        70684672,
        70684672
      ],
      "exit_codes": [
        0,
        0,
        0,
        0,
        0,
        0,
        0,
        0,
        0,
        0,
        0,
        0,
        0,
        0,
        0,
        0,
        0,
        0,
        0,
        0,
        0,
        0,
        0,
        0
      ]
    }
  ]
}
