{
  "results": [
    {
      "command": "./bin/yuku files/antd.js",
      "mean": 0.06467301247913046,
      "stddev": 0.0008868920077525951,
      "median": 0.06437314424000001,
      "user": 0.04969800695652175,
      "system": 0.014940480869565221,
      "min": 0.06397356624,
      "max": 0.06955918724,
      "times": [
        0.06450647724000001,
        0.06437838924,
        0.06420548624000001,
        0.06421003624,
        0.06430032424000001,
        0.06554483824,
        0.06503092224000001,
        0.06583834524000001,
        0.06455162124000001,
        0.06503600224,
        0.06461389724000001,
        0.06459202624,
        0.06425732424000001,
        0.06538390924000001,
        0.06457328124,
        0.06438327824000001,
        0.06428072724,
        0.06436789924000001,
        0.06550751024000001,
        0.06603580224000001,
        0.06506244124,
        0.06524365824,
        0.06443604724,
        0.06432695324000001,
        0.06422318024000001,
        0.06441013724000001,
        0.06524028224,
        0.06492629824000001,
        0.06433507824000001,
        0.06420809224,
        0.06415507324000001,
        0.06397356624,
        0.06433113124,
        0.06443106724,
        0.06429653724,
        0.06422187824,
        0.06955918724,
        0.06419377524,
        0.06410311624000001,
        0.06420488624000001,
        0.06446387724000001,
        0.06415765824000001,
        0.06416509124000001,
        0.06417789624,
        0.06419389624,
        0.06431967024
      ],
      "memory_usage_byte": [
        32112640,
        32112640,
        32112640,
        32112640,
        32112640,
        32112640,
        32112640,
        32112640,
        32112640,
        32112640,
        32112640,
        32112640,
        32112640,
        32112640,
        32112640,
        32112640,
        32112640,
        32112640,
        32112640,
        32112640,
        32112640,
        32112640,
        32112640,
        32112640,
        32112640,
        32112640,
        32112640,
        32112640,
        32112640,
        32112640,
        32112640,
        32112640,
        32112640,
        32112640,
        32112640,
        32112640,
        32112640,
        32112640,
        32112640,
        32112640,
        32112640,
        32112640,
        32112640,
        32112640,
        32112640,
        32112640
      ],
      "exit_codes": [
        0,
        0,
        0,
        0,
        0,
        0,
        0,
        0,
        0,
        0,
        0,
        0,
        0,
        0,
        0,
        0,
        0,
        0,
        0,
        0,
        0,
        0,
        0,
        0,
        0,
        0,
        0,
        0,
        0,
        0,
        0,
        0,
        0,
        0,
        0,
        0,
        0,
        0,
        0,
        0,
        0,
        0,
        0,
        0,
        0,
        0
      ]
    },
    {
      "command": "./bin/oxc files/antd.js",
      "mean": 0.06282659996340427,
      "stddev": 0.0003923158580142596,
      "median": 0.06274158824,
      "user": 0.041687473191489355,
      "system": 0.021104496595744683,
      "min": 0.06225157624000001,
      "max": 0.06394717124,
      "times": [
        0.06301598524,
        0.06305139524,
        0.06250417724,
        0.06351212224000001,
        0.06268342024000001,
        0.06246765924,
        0.06231674824000001,
        0.06227983924000001,
        0.06276400024,
        0.06394717124,
        0.06285502924000001,
        0.06309625924000001,
        0.06302792124,
        0.06289575524,
        0.06256355824000001,
        0.06289727824,
        0.06248860824000001,
        0.06274158824,
        0.06262136524,
        0.06343296424,
        0.06282037524,
        0.06246632624000001,
        0.06233678524000001,
        0.062421773240000006,
        0.06253225924000001,
        0.06225157624000001,
        0.06338116824000001,
        0.06318292924,
        0.06317241124,
        0.06310289124,
        0.06332835024000001,
        0.06261570424,
        0.06380096024000001,
        0.06255846824000001,
        0.06261997224,
        0.06264496924,
        0.06345120924,
        0.06279398624,
        0.06263887824,
        0.06273216124,
        0.06280409524000001,
        0.06299786524,
        0.06262565224000001,
        0.06257150324,
        0.06275156724,
        0.06262665524000001,
        0.06245685924000001
      ],
      "memory_usage_byte": [
        43065344,
        43065344,
        43065344,
        43065344,
        43065344,
        43065344,
        43065344,
        43065344,
        43065344,
        43065344,
        43065344,
        43065344,
        43065344,
        43065344,
        43065344,
        43065344,
        43065344,
        43065344,
        43065344,
        43065344,
        43065344,
        43065344,
        43065344,
        43065344,
        43065344,
        43065344,
        43065344,
        43065344,
        43065344,
        43065344,
        43065344,
        43065344,
        43065344,
        43065344,
        43065344,
        43065344,
        43065344,
        43065344,
        43065344,
        43065344,
        43065344,
        43065344,
        43065344,
        43065344,
        43065344,
        43065344,
        43065344
      ],
      "exit_codes": [
        0,
        0,
        0,
        0,
        0,
        0,
        0,
        0,
        0,
        0,
        0,
        0,
        0,
        0,
        0,
        0,
        0,
        0,
        0,
        0,
        0,
        0,
        0,
        0,
        0,
        0,
        0,
        0,
        0,
        0,
        0,
        0,
        0,
        0,
        0,
        0,
        0,
        0,
        0,
        0,
        0,
        0,
        0,
        0,
        0,
        0,
        0
      ]
    },
    {
      "command": "./bin/swc files/antd.js",
      "mean": 0.12086771657333334,
      "stddev": 0.0006143326249894319,
      "median": 0.12083828874000002,
      "user": 0.08913725333333335,
      "system": 0.03165426166666667,
      "min": 0.11963026624,
      "max": 0.12254605124000001,
      "times": [
        0.12154474724000001,
        0.12113249124000001,
        0.12091816224000002,
        0.12024739424000001,
        0.11999953324000001,
        0.12160989924000001,
        0.12098378524000002,
        0.12080724624000001,
        0.12076631924000002,
        0.12078509524000001,
        0.12121327024,
        0.12254605124000001,
        0.12136204724,
        0.12086933124000002,
        0.12095545124000001,
        0.12143236724,
        0.11963026624,
        0.12124412824000001,
        0.12016107424000001,
        0.12026153024000001,
        0.12039553024,
        0.12058971124000001,
        0.12076132024000001,
        0.12060844524000001
      ],
      "memory_usage_byte": [
        70660096,
        70660096,
        70660096,
        70660096,
        70660096,
        70660096,
        70660096,
        70660096,
        70660096,
        70660096,
        70660096,
        70660096,
        70660096,
        70660096,
        70660096,
        70660096,
        70660096,
        70660096,
        70660096,
        70660096,
        70660096,
        70660096,
        70660096,
        70660096
      ],
      "exit_codes": [
        0,
        0,
        0,
        0,
        0,
        0,
        0,
        0,
        0,
        0,
        0,
        0,
        0,
        0,
        0,
        0,
        0,
        0,
        0,
        0,
        0,
        0,
        0,
        0
      ]
    }
  ]
}
