{
  "results": [
    {
      "command": "./bin/yuku files/typescript.js",
      "mean": 0.0805513364,
      "stddev": 0.0004225143240298142,
      "median": 0.0804758889,
      "user": 0.062282455555555546,
      "system": 0.018231757777777784,
      "min": 0.0798718289,
      "max": 0.0820612749,
      "times": [
        0.0813416909,
        0.0808457219,
        0.0802940349,
        0.0805577359,
        0.0804260109,
        0.0805697179,
        0.0804488739,
        0.0803483759,
        0.0802852489,
        0.0803998919,
        0.0813815899,
        0.0806737819,
        0.0802271509,
        0.0800207869,
        0.0798718289,
        0.0806924769,
        0.0807330019,
        0.0801796219,
        0.0801448669,
        0.0820612749,
        0.0803496489,
        0.0805846869,
        0.0805323619,
        0.0812953189,
        0.0806000239,
        0.0803462529,
        0.0805505329,
        0.0803496089,
        0.0805083829,
        0.0806160949,
        0.0809433229,
        0.0802457319,
        0.0803454309,
        0.0802557939,
        0.0805029039,
        0.0803183299
      ],
      "memory_usage_byte": [
        40812544,
        40812544,
        40812544,
        40812544,
        40812544,
        40812544,
        40812544,
        40812544,
        40812544,
        40812544,
        40812544,
        40812544,
        40812544,
        40812544,
        40812544,
        40812544,
        40812544,
        40812544,
        40812544,
        40812544,
        40812544,
        40812544,
        40812544,
        40812544,
        40812544,
        40812544,
        40812544,
        40812544,
        40812544,
        40812544,
        40812544,
        40812544,
        40812544,
        40812544,
        40812544,
        40812544
      ],
      "exit_codes": [
        0,
        0,
        0,
        0,
        0,
        0,
        0,
        0,
        0,
        0,
        0,
        0,
        0,
        0,
        0,
        0,
        0,
        0,
        0,
        0,
        0,
        0,
        0,
        0,
        0,
        0,
        0,
        0,
        0,
        0,
        0,
        0,
        0,
        0,
        0,
        0
      ]
    },
    {
      "command": "./bin/oxc files/typescript.js",
      "mean": 0.07954636449459458,
      "stddev": 0.000538009124151588,
      "median": 0.0793997119,
      "user": 0.05159283243243244,
      "system": 0.027902885405405406,
      "min": 0.0788223119,
      "max": 0.0808215569,
      "times": [
        0.0789558099,
        0.0788289339,
        0.0788223119,
        0.0801809839,
        0.0799952369,
        0.0791801489,
        0.0795982169,
        0.0801660949,
        0.0799743189,
        0.0792074689,
        0.0788534399,
        0.0805340509,
        0.0803908549,
        0.0790019369,
        0.0791115109,
        0.0789540069,
        0.0808215569,
        0.0800343909,
        0.0799604419,
        0.0795303209,
        0.0793877159,
        0.0793218029,
        0.0791484139,
        0.0793997119,
        0.0791240989,
        0.0788624119,
        0.0799562879,
        0.0796794929,
        0.0791184189,
        0.0798893339,
        0.0795926109,
        0.0802210109,
        0.0800667139,
        0.0792754999,
        0.0797271809,
        0.0789912819,
        0.0793514629
      ],
      "memory_usage_byte": [
        55517184,
        55517184,
        55517184,
        55517184,
        55517184,
        55517184,
        55517184,
        55517184,
        55517184,
        55517184,
        55517184,
        55517184,
        55517184,
        55517184,
        55517184,
        55517184,
        55517184,
        55517184,
        55517184,
        55517184,
        55517184,
        55517184,
        55517184,
        55517184,
        55517184,
        55517184,
        55517184,
        55517184,
        55517184,
        55517184,
        55517184,
        55517184,
        55517184,
        55517184,
        55517184,
        55517184,
        55517184
      ],
      "exit_codes": [
        0,
        0,
        0,
        0,
        0,
        0,
        0,
        0,
        0,
        0,
        0,
        0,
        0,
        0,
        0,
        0,
        0,
        0,
        0,
        0,
        0,
        0,
        0,
        0,
        0,
        0,
        0,
        0,
        0,
        0,
        0,
        0,
        0,
        0,
        0,
        0,
        0
      ]
    },
    {
      "command": "./bin/swc files/typescript.js",
      "mean": 0.1571508135666667,
      "stddev": 0.0010962689301930364,
      "median": 0.15679655940000004,
      "user": 0.1129137888888889,
      "system": 0.04417048,
      "min": 0.1559508699,
      "max": 0.15936954390000002,
      "times": [
        0.15722496190000002,
        0.1584833649,
        0.1575328159,
        0.15606977190000001,
        0.15638261390000002,
        0.15629660390000003,
        0.15708142490000002,
        0.15626337190000003,
        0.15609922590000003,
        0.15651169390000003,
        0.1559508699,
        0.1564259249,
        0.15910151590000002,
        0.15936954390000002,
        0.15848567090000001,
        0.1563654529,
        0.1579357939,
        0.15713402290000003
      ],
      "memory_usage_byte": [
        94150656,
        94150656,
        94150656,
        94150656,
        94150656,
        94150656,
        94150656,
        94150656,
        94150656,
        94150656,
        94150656,
        94150656,
        94150656,
        94150656,
        94150656,
        94150656,
        94150656,
        94150656
      ],
      "exit_codes": [
        0,
        0,
        0,
        0,
        0,
        0,
        0,
        0,
        0,
        0,
        0,
        0,
        0,
        0,
        0,
        0,
        0,
        0
      ]
    },
    {
      "command": "./bin/jam files/typescript.js",
      "mean": 0.18842093143333336,
      "stddev": 0.0011130320151690452,
      "median": 0.1886874229,
      "user": 0.09960806666666663,
      "system": 0.08871674666666665,
      "min": 0.18501897190000002,
      "max": 0.19013086590000003,
      "times": [
        0.18907740790000002,
        0.1886874229,
        0.18836065790000003,
        0.18781937390000003,
        0.1879232979,
        0.18874415590000002,
        0.18787154090000002,
        0.18501897190000002,
        0.18818208990000002,
        0.18863763790000002,
        0.18906227790000002,
        0.19013086590000003,
        0.1890198489,
        0.18896835290000003,
        0.18881006890000002
      ],
      "memory_usage_byte": [
        194535424,
        194535424,
        194535424,
        194535424,
        194535424,
        194535424,
        194535424,
        194535424,
        194535424,
        194535424,
        194535424,
        194535424,
        194535424,
        194535424,
        194535424
      ],
      "exit_codes": [
        0,
        0,
        0,
        0,
        0,
        0,
        0,
        0,
        0,
        0,
        0,
        0,
        0,
        0,
        0
      ]
    }
  ]
}
