{
  "results": [
    {
      "command": "./bin/yuku files/typescript.js",
      "mean": 0.06161652166723406,
      "stddev": 0.0002559428967262995,
      "median": 0.06162031088000001,
      "user": 0.0491984089361702,
      "system": 0.012360013191489359,
      "min": 0.06107532788,
      "max": 0.06218231688,
      "times": [
        0.06203918388000001,
        0.06208702788,
        0.061883264880000004,
        0.06162031088000001,
        0.06163346288,
        0.061188536880000005,
        0.06107532788,
        0.061672614880000004,
        0.06152395788000001,
        0.061791295880000006,
        0.06177929588,
        0.06140965988,
        0.061667246880000005,
        0.06145493288000001,
        0.06155928588,
        0.06218231688,
        0.061921569880000006,
        0.061580965880000005,
        0.06181541688,
        0.061879305880000006,
        0.061542693880000006,
        0.061747199880000006,
        0.06151854888,
        0.06177553588,
        0.061443164880000005,
        0.06173626388,
        0.06142501988000001,
        0.061853664880000006,
        0.061427147880000005,
        0.06113181588,
        0.06183600888,
        0.061276521880000004,
        0.061328233880000006,
        0.061395970880000005,
        0.06184555188,
        0.06157580288,
        0.061814330880000004,
        0.06149930388,
        0.06157757088,
        0.06162335688000001,
        0.061883604880000005,
        0.06127700088,
        0.06183654688,
        0.06166581388,
        0.061573242880000004,
        0.061514064880000004,
        0.061087554880000006
      ],
      "memory_usage_byte": [
        40943616,
        40943616,
        40943616,
        40943616,
        40943616,
        40943616,
        40943616,
        40943616,
        40943616,
        40943616,
        40943616,
        40943616,
        40943616,
        40943616,
        40943616,
        40943616,
        40943616,
        40943616,
        40943616,
        40943616,
        40943616,
        40943616,
        40943616,
        40943616,
        40943616,
        40943616,
        40943616,
        40943616,
        40943616,
        40943616,
        40943616,
        40943616,
        40943616,
        40943616,
        40943616,
        40943616,
        40943616,
        40943616,
        40943616,
        40943616,
        40943616,
        40943616,
        40943616,
        40943616,
        40943616,
        40943616,
        40943616
      ],
      "exit_codes": [
        0,
        0,
        0,
        0,
        0,
        0,
        0,
        0,
        0,
        0,
        0,
        0,
        0,
        0,
        0,
        0,
        0,
        0,
        0,
        0,
        0,
        0,
        0,
        0,
        0,
        0,
        0,
        0,
        0,
        0,
        0,
        0,
        0,
        0,
        0,
        0,
        0,
        0,
        0,
        0,
        0,
        0,
        0,
        0,
        0,
        0,
        0
      ]
    },
    {
      "command": "./bin/oxc files/typescript.js",
      "mean": 0.05476408091703704,
      "stddev": 0.0002688883693801637,
      "median": 0.05472192288000001,
      "user": 0.037793074814814816,
      "system": 0.016910811851851854,
      "min": 0.05431043388,
      "max": 0.05549840088000001,
      "times": [
        0.054717566880000006,
        0.05464703588000001,
        0.05462065088,
        0.054975150880000004,
        0.05476757588,
        0.054482662880000005,
        0.05438827588,
        0.05431043388,
        0.05471364688,
        0.054970998880000004,
        0.05473294288,
        0.05478841688,
        0.054488094880000004,
        0.05436668288,
        0.054547984880000004,
        0.05459691488000001,
        0.055042288880000005,
        0.05458113088,
        0.05461061888,
        0.054664900880000006,
        0.054708957880000006,
        0.05482799388,
        0.054826577880000005,
        0.054748071880000006,
        0.05454268888,
        0.054633867880000006,
        0.054765264880000004,
        0.05465263588,
        0.05524740788,
        0.05525940788000001,
        0.05493806988,
        0.05549840088000001,
        0.05536401088,
        0.054758367880000006,
        0.054735270880000006,
        0.05475518388,
        0.05511469888000001,
        0.05461189888,
        0.054602666880000005,
        0.05503660088,
        0.05472627888000001,
        0.054536432880000006,
        0.054954293880000005,
        0.05473608688000001,
        0.054580993880000005,
        0.05466299688,
        0.055014272880000006,
        0.055366747880000004,
        0.05477990488,
        0.054650179880000004,
        0.054617498880000004,
        0.055213374880000006,
        0.05442622088,
        0.05435306588
      ],
      "memory_usage_byte": [
        55148544,
        55148544,
        55148544,
        55148544,
        55148544,
        55148544,
        55148544,
        55148544,
        55148544,
        55148544,
        55148544,
        55148544,
        55148544,
        55148544,
        55148544,
        55148544,
        55148544,
        55148544,
        55148544,
        55148544,
        55148544,
        55148544,
        55148544,
        55148544,
        55148544,
        55148544,
        55148544,
        55148544,
        55148544,
        55148544,
        55148544,
        55148544,
        55148544,
        55148544,
        55148544,
        55148544,
        55148544,
        55148544,
        55148544,
        55148544,
        55148544,
        55148544,
        55148544,
        55148544,
        55148544,
        55148544,
        55148544,
        55148544,
        55148544,
        55148544,
        55148544,
        55148544,
        55148544,
        55148544
      ],
      "exit_codes": [
        0,
        0,
        0,
        0,
        0,
        0,
        0,
        0,
        0,
        0,
        0,
        0,
        0,
        0,
        0,
        0,
        0,
        0,
        0,
        0,
        0,
        0,
        0,
        0,
        0,
        0,
        0,
        0,
        0,
        0,
        0,
        0,
        0,
        0,
        0,
        0,
        0,
        0,
        0,
        0,
        0,
        0,
        0,
        0,
        0,
        0,
        0,
        0,
        0,
        0,
        0,
        0,
        0,
        0
      ]
    },
    {
      "command": "./bin/swc files/typescript.js",
      "mean": 0.12095124671333331,
      "stddev": 0.0008330040940448312,
      "median": 0.12088584038,
      "user": 0.09012176000000001,
      "system": 0.030650501666666666,
      "min": 0.11919439288,
      "max": 0.12248207588,
      "times": [
        0.12152159988,
        0.12140251588,
        0.12081837588,
        0.12069657288,
        0.12055348888,
        0.11937314288,
        0.11961540788,
        0.12049559788,
        0.12024796588,
        0.11919439288,
        0.12092427788,
        0.12148820888,
        0.12156482788,
        0.12248207588,
        0.12084740288,
        0.12162118988000001,
        0.12180250888000001,
        0.12165228688,
        0.12230415788,
        0.12069635688000001,
        0.12106244188,
        0.12044638088,
        0.12137833288,
        0.12064041088
      ],
      "memory_usage_byte": [
        93421568,
        93421568,
        93421568,
        93421568,
        93421568,
        93421568,
        93421568,
        93421568,
        93421568,
        93421568,
        93421568,
        93421568,
        93421568,
        93421568,
        93421568,
        93421568,
        93421568,
        93421568,
        93421568,
        93421568,
        93421568,
        93421568,
        93421568,
        93421568
      ],