{
  "results": [
    {
      "command": "./bin/yuku files/typescript.js",
      "mean": 0.08225829135777779,
      "stddev": 0.0008111813786535082,
      "median": 0.08204854808,
      "user": 0.06219407777777777,
      "system": 0.020022244444444448,
      "min": 0.08124030908,
      "max": 0.08466396108,
      "times": [
        0.08208127408,
        0.08260403308,
        0.08298154108,
        0.08212673908000001,
        0.08180777208000001,
        0.08282482708000001,
        0.08209264508,
        0.08165922408000001,
        0.08225174308000001,
        0.08134028608,
        0.08170923808000001,
        0.08187919608000001,
        0.08201070208000001,
        0.08462234308000001,
        0.08124030908,
        0.08224412008000001,
        0.08148963708000001,
        0.08285693608,
        0.08175691708,
        0.08171615008000001,
        0.08182698808000001,
        0.08165449508,
        0.08183030408,
        0.08387579508000001,
        0.08220754108,
        0.08161112408,
        0.08147882608000001,
        0.08159233908,
        0.08220353308,
        0.08296980808,
        0.08252668808000001,
        0.08466396108,
        0.08201582208000001,
        0.08299989408000001,
        0.08199023408,
        0.08255550208000001
      ],
      "memory_usage_byte": [
        41062400,
        41062400,
        41062400,
        41062400,
        41062400,
        41062400,
        41062400,
        41062400,
        41062400,
        41062400,
        41062400,
        41062400,
        41062400,
        41062400,
        41062400,
        41062400,
        41062400,
        41062400,
        41062400,
        41062400,
        41062400,
        41062400,
        41062400,
        41062400,
        41062400,
        41062400,
        41062400,
        41062400,
        41062400,
        41062400,
        41062400,
        41062400,
        41062400,
        41062400,
        41062400,
        41062400
      ],
      "exit_codes": [
        0,
        0,
        0,
        0,
        0,
        0,
        0,
        0,
        0,
        0,
        0,
        0,
        0,
        0,
        0,
        0,
        0,
        0,
        0,
        0,
        0,
        0,
        0,
        0,
        0,
        0,
        0,
        0,
        0,
        0,
        0,
        0,
        0,
        0,
        0,
        0
      ]
    },
    {
      "command": "./bin/oxc files/typescript.js",
      "mean": 0.07948041653945948,
      "stddev": 0.0008723848141876694,
      "median": 0.07941902808000001,
      "user": 0.05089365135135134,
      "system": 0.0285255027027027,
      "min": 0.07822349908000001,
      "max": 0.08178177308000001,
      "times": [
        0.07891570608000001,
        0.07878847808,
        0.07865585908,
        0.07833468808,
        0.07893162508,
        0.07898079808000001,
        0.07846087508,
        0.07842994608000001,
        0.07822349908000001,
        0.07890983508,
        0.07884524308,
        0.08016505508,
        0.07931493308000001,
        0.07936434608000001,
        0.08151841908,
        0.08002809808,
        0.08019402008000001,
        0.08020917808,
        0.07960687008,
        0.07979535308,
        0.08016602708000001,
        0.08017231808,
        0.07984782108,
        0.07884431208,
        0.07944234308,
        0.07892889108000001,
        0.07941902808000001,
        0.07836965308,
        0.07853585508000001,
        0.07949084308,
        0.08078457608,
        0.07945063708000001,
        0.08178177308000001,
        0.08032704808,
        0.08061384608000001,
        0.07999426508,
        0.07893334908
      ],
      "memory_usage_byte": [
        55517184,
        55517184,
        55517184,
        55517184,
        55517184,
        55517184,
        55517184,
        55517184,
        55517184,
        55517184,
        55517184,
        55517184,
        55517184,
        55517184,
        55517184,
        55517184,
        55517184,
        55517184,
        55517184,
        55517184,
        55517184,
        55517184,
        55517184,
        55517184,
        55517184,
        55517184,
        55517184,
        55517184,
        55517184,
        55517184,
        55517184,
        55517184,
        55517184,
        55517184,
        55517184,
        55517184,
        55517184
      ],
      "exit_codes": [
        0,
        0,
        0,
        0,
        0,
        0,
        0,
        0,
        0,
        0,
        0,
        0,
        0,
        0,
        0,
        0,
        0,
        0,
        0,
        0,
        0,
        0,
        0,
        0,
        0,
        0,
        0,
        0,
        0,
        0,
        0,
        0,
        0,
        0,
        0,
        0,
        0
      ]
    },
    {
      "command": "./bin/swc files/typescript.js",
      "mean": 0.16881155713555557,
      "stddev": 0.004867680581465368,
      "median": 0.16855911258000003,
      "user": 0.12371146666666667,
      "system": 0.04500713333333334,
      "min": 0.16305900508,
      "max": 0.18650801908000003,
      "times": [
        0.16563720208000002,
        0.16857448108000003,
        0.17007697408000003,
        0.17041508708000003,
        0.16997091708000003,
        0.17013773808000002,
        0.16862697008000002,
        0.16899702308000003,
        0.16782742208,
        0.16409961408,
        0.16854374408000003,
        0.16727772408000002,
        0.16866456008000003,
        0.16305900508,
        0.16617651208000003,
        0.18650801908000003,
        0.16702442908000004,
        0.16699060608000002
      ],
      "memory_usage_byte": [
        94121984,
        94121984,
        94121984,
        94121984,
        94121984,
        94121984,
        94121984,
        94121984,
        94121984,
        94121984,
        94121984,
        94121984,
        94121984,
        94121984,
        94121984,
        94121984,
        94121984,
        94121984
      ],
      "exit_codes": [
        0,
        0,
        0,
        0,
        0,
        0,
        0,
        0,
        0,
        0,
        0,
        0,
        0,
        0,
        0,
        0,
        0,
        0
      ]
    },
    {
      "command": "./bin/jam files/typescript.js",
      "mean": 0.20989058858000006,
      "stddev": 0.0019615593884613185,
      "median": 0.20985335808000005,
      "user": 0.10334987142857142,
      "system": 0.10340937142857143,
      "min": 0.20661576108000002,
      "max": 0.21364436008000004,
      "times": [
        0.20868799108000002,
        0.20883263208000002,
        0.20976284408000004,
        0.20736529508000004,
        0.21364436008000004,
        0.21072088808000003,
        0.21124312608000004,
        0.21191753508000002,
        0.21054728308000004,
        0.20991149208000004,
        0.20661576108000002,
        0.20757717208000004,
        0.20979522408000004,
        0.21184663608000004
      ],
      "memory_usage_byte": [
        94121984,
        94121984,
        94121984,
        94121984,
        94121984,
        94121984,
        94121984,
        94121984,
        94121984,
        94121984,
        94121984,
        94121984,
        94121984,
        94121984
      ],
      "exit_codes": [
        0,
        0,
        0,
        0,
        0,
        0,
        0,
        0,
        0,
        0,
        0,
        0,
        0,
        0
      ]
    }
  ]
}
