{
  "results": [
    {
      "command": "./bin/yuku files/typescript.js",
      "mean": 0.08169614374555556,
      "stddev": 0.0013517996099769018,
      "median": 0.08137453394000001,
      "user": 0.061794381111111095,
      "system": 0.01982835333333333,
      "min": 0.08055597844000001,
      "max": 0.08866645044,
      "times": [
        0.08095064744000001,
        0.08102458844,
        0.08161015644,
        0.08099105644,
        0.08132311844000001,
        0.08131349044000001,
        0.08135531844,
        0.08118188144,
        0.08142309544000001,
        0.08151114044,
        0.08115666544,
        0.08124219544,
        0.08097762944,
        0.08189863744,
        0.08144236144,
        0.08124177544000001,
        0.08055597844000001,
        0.08076658444,
        0.08120561744,
        0.08058372044,
        0.08866645044,
        0.08135029844000001,
        0.08114509344000001,
        0.08134883644,
        0.08139374944000001,
        0.08154943244,
        0.08157080244,
        0.08180311844,
        0.08170432344,
        0.08188289744,
        0.08289236044,
        0.08359703244000001,
        0.08318107244,
        0.08201739944,
        0.08172251744,
        0.08148013144
      ],
      "memory_usage_byte": [
        40812544,
        40812544,
        40812544,
        40812544,
        40812544,
        40812544,
        40812544,
        40812544,
        40812544,
        40812544,
        40812544,
        40812544,
        40812544,
        40812544,
        40812544,
        40812544,
        40812544,
        40812544,
        40812544,
        40812544,
        40812544,
        40812544,
        40812544,
        40812544,
        40812544,
        40812544,
        40812544,
        40812544,
        40812544,
        40812544,
        40812544,
        40812544,
        40812544,
        40812544,
        40812544,
        40812544
      ],
      "exit_codes": [
        0,
        0,
        0,
        0,
        0,
        0,
        0,
        0,
        0,
        0,
        0,
        0,
        0,
        0,
        0,
        0,
        0,
        0,
        0,
        0,
        0,
        0,
        0,
        0,
        0,
        0,
        0,
        0,
        0,
        0,
        0,
        0,
        0,
        0,
        0,
        0
      ]
    },
    {
      "command": "./bin/oxc files/typescript.js",
      "mean": 0.07945275116972972,
      "stddev": 0.0012718390327572614,
      "median": 0.07925329344,
      "user": 0.05058129027027027,
      "system": 0.028806330810810812,
      "min": 0.07818033844000001,
      "max": 0.08658912844000001,
      "times": [
        0.07892940344,
        0.07934017344000001,
        0.07958761744000001,
        0.07950717444000001,
        0.07936142344000001,
        0.07980976444,
        0.07925329344,
        0.07929188344,
        0.07901422144,
        0.07940045844,
        0.07890804344,
        0.07898616944,
        0.07950384044,
        0.07936097244000001,
        0.07818033844000001,
        0.07879623344,
        0.07915860344,
        0.07903027144000001,
        0.07893220844,
        0.07938899444,
        0.07934172544000001,
        0.07949038544,
        0.07896251344,
        0.07889991744000001,
        0.07903158444000001,
        0.08658912844000001,
        0.07921266444000001,
        0.07897998844000001,
        0.07882203144000001,
        0.07915886344,
        0.07926398044,
        0.07910599444000001,
        0.08027883444,
        0.07954890544,
        0.08047732744000001,
        0.07921893644,
        0.07962792344
      ],
      "memory_usage_byte": [
        55517184,
        55517184,
        55517184,
        55517184,
        55517184,
        55517184,
        55517184,
        55517184,
        55517184,
        55517184,
        55517184,
        55517184,
        55517184,
        55517184,
        55517184,
        55517184,
        55517184,
        55517184,
        55517184,
        55517184,
        55517184,
        55517184,
        55517184,
        55517184,
        55517184,
        55517184,
        55517184,
        55517184,
        55517184,
        55517184,
        55517184,
        55517184,
        55517184,
        55517184,
        55517184,
        55517184,
        55517184
      ],
      "exit_codes": [
        0,
        0,
        0,
        0,
        0,
        0,
        0,
        0,
        0,
        0,
        0,
        0,
        0,
        0,
        0,
        0,
        0,
        0,
        0,
        0,
        0,
        0,
        0,
        0,
        0,
        0,
        0,
        0,
        0,
        0,
        0,
        0,
        0,
        0,
        0,
        0,
        0
      ]
    },
    {
      "command": "./bin/swc files/typescript.js",
      "mean": 0.16462579738444447,
      "stddev": 0.0016538035375330306,
      "median": 0.16408681794000002,
      "user": 0.12097868666666667,
      "system": 0.04355935333333333,
      "min": 0.16295299144,
      "max": 0.16887055544000001,
      "times": [
        0.16363988844000002,
        0.16423351744,
        0.16423083444,
        0.16376174544000002,
        0.16379774344,
        0.16571834544,
        0.16370618044000002,
        0.16338330544000002,
        0.16416277744000002,
        0.16490661244000002,
        0.16368122344,
        0.16424827844,
        0.16636463844000002,
        0.16887055544000001,
        0.16823745244000002,
        0.16335740444000002,
        0.16295299144,
        0.16401085844000002
      ],
      "memory_usage_byte": [
        94109696,
        94109696,
        94109696,
        94109696,
        94109696,
        94109696,
        94109696,
        94109696,
        94109696,
        94109696,
        94109696,
        94109696,
        94109696,
        94109696,
        94109696,
        94109696,
        94109696,
        94109696
      ],
      "exit_codes": [
        0,
        0,
        0,
        0,
        0,
        0,
        0,
        0,
        0,
        0,
        0,
        0,
        0,
        0,
        0,
        0,
        0,
        0
      ]
    },
    {
      "command": "./bin/jam files/typescript.js",
      "mean": 0.19902972686857145,
      "stddev": 0.002169286469279198,
      "median": 0.19843441044000001,
      "user": 0.10096466285714285,
      "system": 0.0944223057142857,
      "min": 0.19640019544,
      "max": 0.20316674744000002,
      "times": [
        0.20316674744000002,
        0.19640019544,
        0.19729350944000001,
        0.19948112344000002,
        0.19963091544,
        0.19715301744000002,
        0.19751262444,
        0.19852151344000002,
        0.20014644244000002,
        0.19834730744,
        0.19690122544000002,
        0.20181285744000002,
        0.19762467244,
        0.20242402444000002
      ],
      "memory_usage_byte": [
        94109696,
        94109696,
        94109696,
        94109696,
        94109696,
        94109696,
        94109696,
        94109696,
        94109696,
        94109696,
        94109696,
        94109696,
        94109696,
        94109696
      ],
      "exit_codes": [
        0,
        0,
        0,
        0,
        0,
        0,
        0,
        0,
        0,
        0,
        0,
        0,
        0,
        0
      ]
    }
  ]
}
