{
  "results": [
    {
      "command": "./bin/yuku files/typescript.js",
      "mean": 0.08119939909675676,
      "stddev": 0.0022997191765968153,
      "median": 0.08057009934,
      "user": 0.06206176918918919,
      "system": 0.01909515783783784,
      "min": 0.07982228134000001,
      "max": 0.09154123634000001,
      "times": [
        0.07982228134000001,
        0.08057009934,
        0.08047941934000001,
        0.08003557234000001,
        0.08005969734000001,
        0.08061866134000001,
        0.08872406934,
        0.08095501434,
        0.08077186934000001,
        0.08026193834,
        0.08283611734,
        0.08121963234000001,
        0.08086235934000001,
        0.08100855534000001,
        0.08156719834000001,
        0.08047006134000001,
        0.08022475934000001,
        0.07996831534000001,
        0.08094511534000001,
        0.08077672834,
        0.08139903034000001,
        0.08321133434000001,
        0.09154123634000001,
        0.08028548334,
        0.07997506834000001,
        0.08009153834,
        0.08035143734000001,
        0.08024782234000001,
        0.08073879734,
        0.08033116934000001,
        0.08100211334,
        0.08108017034000001,
        0.08061086634,
        0.08034296134,
        0.08014280434000001,
        0.08041633934,
        0.08043212934
      ],
      "memory_usage_byte": [
        40812544,
        40812544,
        40812544,
        40812544,
        40812544,
        40812544,
        40812544,
        40812544,
        40812544,
        40812544,
        40812544,
        40812544,
        40812544,
        40812544,
        40812544,
        40812544,
        40812544,
        40812544,
        40812544,
        40812544,
        40812544,
        40812544,
        40812544,
        40812544,
        40812544,
        40812544,
        40812544,
        40812544,
        40812544,
        40812544,
        40812544,
        40812544,
        40812544,
        40812544,
        40812544,
        40812544,
        40812544
      ],
      "exit_codes": [
        0,
        0,
        0,
        0,
        0,
        0,
        0,
        0,
        0,
        0,
        0,
        0,
        0,
        0,
        0,
        0,
        0,
        0,
        0,
        0,
        0,
        0,
        0,
        0,
        0,
        0,
        0,
        0,
        0,
        0,
        0,
        0,
        0,
        0,
        0,
        0,
        0
      ]
    },
    {
      "command": "./bin/oxc files/typescript.js",
      "mean": 0.08008189455621621,
      "stddev": 0.0005463733417852331,
      "median": 0.07997959134,
      "user": 0.051877363783783784,
      "system": 0.0281480227027027,
      "min": 0.07913258534,
      "max": 0.08173782134,
      "times": [
        0.07945189234000001,
        0.08028695534000001,
        0.08052707834,
        0.08054534234,
        0.07997810434000001,
        0.08044935134,
        0.07954732334,
        0.08080433034000001,
        0.08034533334,
        0.08086033834,
        0.07973225434,
        0.07973673334,
        0.07988841834,
        0.07990622334000001,
        0.07937111534,
        0.07956894734,
        0.07976506734000001,
        0.07947577234,
        0.07974561034000001,
        0.07913258534,
        0.07997959134,
        0.07935446434000001,
        0.08042232434,
        0.07962225734,
        0.08044097934000001,
        0.08089746934000001,
        0.08089094634,
        0.08047497334,
        0.08173782134,
        0.08020676934000001,
        0.08020047734,
        0.08016266434000001,
        0.08029441334000001,
        0.07976534734,
        0.07970351134,
        0.08008681234000001,
        0.07967049934
      ],
      "memory_usage_byte": [
        55517184,
        55517184,
        55517184,
        55517184,
        55517184,
        55517184,
        55517184,
        55517184,
        55517184,
        55517184,
        55517184,
        55517184,
        55517184,
        55517184,
        55517184,
        55517184,
        55517184,
        55517184,
        55517184,
        55517184,
        55517184,
        55517184,
        55517184,
        55517184,
        55517184,
        55517184,
        55517184,
        55517184,
        55517184,
        55517184,
        55517184,
        55517184,
        55517184,
        55517184,
        55517184,
        55517184,
        55517184
      ],
      "exit_codes": [
        0,
        0,
        0,
        0,
        0,
        0,
        0,
        0,
        0,
        0,
        0,
        0,
        0,
        0,
        0,
        0,
        0,
        0,
        0,
        0,
        0,
        0,
        0,
        0,
        0,
        0,
        0,
        0,
        0,
        0,
        0,
        0,
        0,
        0,
        0,
        0,
        0
      ]
    },
    {
      "command": "./bin/swc files/typescript.js",
      "mean": 0.16049265695111112,
      "stddev": 0.0009093718071945992,
      "median": 0.16044694184000002,
      "user": 0.11485246888888888,
      "system": 0.04555559777777778,
      "min": 0.15857421834000002,
      "max": 0.16234424834000002,
      "times": [
        0.15978004834,
        0.16037213834000003,
        0.16192981734,
        0.16234424834000002,
        0.16056682034,
        0.16052174534000002,
        0.16005247234,
        0.15940908034,
        0.16010551134,
        0.16055941134,
        0.16020221334,
        0.16096529134,
        0.16102971234000002,
        0.16023918334,
        0.16107474734000002,
        0.15857421834000002,
        0.16152497534000002,
        0.15961619034000002
      ],
      "memory_usage_byte": [
        94150656,
        94150656,
        94150656,
        94150656,
        94150656,
        94150656,
        94150656,
        94150656,
        94150656,
        94150656,
        94150656,
        94150656,
        94150656,
        94150656,
        94150656,
        94150656,
        94150656,
        94150656
      ],
      "exit_codes": [
        0,
        0,
        0,
        0,
        0,
        0,
        0,
        0,
        0,
        0,
        0,
        0,
        0,
        0,
        0,
        0,
        0,
        0
      ]
    },
    {
      "command": "./bin/jam files/typescript.js",
      "mean": 0.19045257267333335,
      "stddev": 0.0006043533967370945,
      "median": 0.19030458534000003,
      "user": 0.10091971333333331,
      "system": 0.08944371999999999,
      "min": 0.18943215234000002,
      "max": 0.19181775534,
      "times": [
        0.19074290134000002,
        0.19181775534,
        0.19026422934,
        0.19137884834000002,
        0.18991839734000002,
        0.18992208534000002,
        0.19027898734,
        0.18995604934000002,
        0.19031751934000002,
        0.19090206034,
        0.19075558434,
        0.19055274234000003,
        0.19030458534000003,
        0.18943215234000002,
        0.19024469234000002
      ],
      "memory_usage_byte": [
        194535424,
        194535424,
        194535424,
        194535424,
        194535424,
        194535424,
        194535424,
        194535424,
        194535424,
        194535424,
        194535424,
        194535424,
        194535424,
        194535424,
        194535424
      ],
      "exit_codes": [
        0,
        0,
        0,
        0,
        0,
        0,
        0,
        0,
        0,
        0,
        0,
        0,
        0,
        0,
        0
      ]
    }
  ]
}
