{
  "results": [
    {
      "command": "./bin/yuku files/typescript.js",
      "mean": 0.08087401286,
      "stddev": 0.001340931303731271,
      "median": 0.08054295586,
      "user": 0.06093440810810812,
      "system": 0.019895688108108104,
      "min": 0.08007988086000001,
      "max": 0.08820676186000001,
      "times": [
        0.08023691786,
        0.08011923986,
        0.08039131286000001,
        0.08233047086,
        0.08056907586,
        0.08022639486000001,
        0.08126948586,
        0.08007988086000001,
        0.08102713286,
        0.08088311286000001,
        0.08020701786000001,
        0.08115885886,
        0.08054295586,
        0.08032840586000001,
        0.08023087286,
        0.08101748486,
        0.08055216386,
        0.08034469586000001,
        0.08020164886,
        0.08163393786,
        0.08042867286000001,
        0.08022814786,
        0.08028184786,
        0.08063520286,
        0.08114703286000001,
        0.08051191186000001,
        0.08087414686000001,
        0.08075291986000001,
        0.08146760686,
        0.08039308586,
        0.08038471786000001,
        0.08050066386,
        0.08020398886,
        0.08058686586000001,
        0.08064915186,
        0.08820676186000001,
        0.08173468286
      ],
      "memory_usage_byte": [
        40812544,
        40812544,
        40812544,
        40812544,
        40812544,
        40812544,
        40812544,
        40812544,
        40812544,
        40812544,
        40812544,
        40812544,
        40812544,
        40812544,
        40812544,
        40812544,
        40812544,
        40812544,
        40812544,
        40812544,
        40812544,
        40812544,
        40812544,
        40812544,
        40812544,
        40812544,
        40812544,
        40812544,
        40812544,
        40812544,
        40812544,
        40812544,
        40812544,
        40812544,
        40812544,
        40812544,
        40812544
      ],
      "exit_codes": [
        0,
        0,
        0,
        0,
        0,
        0,
        0,
        0,
        0,
        0,
        0,
        0,
        0,
        0,
        0,
        0,
        0,
        0,
        0,
        0,
        0,
        0,
        0,
        0,
        0,
        0,
        0,
        0,
        0,
        0,
        0,
        0,
        0,
        0,
        0,
        0,
        0
      ]
    },
    {
      "command": "./bin/oxc files/typescript.js",
      "mean": 0.08022289704918921,
      "stddev": 0.0003824094880382987,
      "median": 0.08019189486,
      "user": 0.052130624324324325,
      "system": 0.028032607027027024,
      "min": 0.07953215986,
      "max": 0.08125527686,
      "times": [
        0.08040131686,
        0.08013575686,
        0.08037758186,
        0.08019630586,
        0.08011691486,
        0.08034570286,
        0.07992076786,
        0.07957613286000001,
        0.07973171386,
        0.07978595486000001,
        0.07953215986,
        0.08038051386,
        0.08125527686,
        0.08011621086000001,
        0.08075468786000001,
        0.07996665386,
        0.08030899386,
        0.08014712086,
        0.08000491586,
        0.08035152286000001,
        0.08050083486000001,
        0.08076917486,
        0.08019189486,
        0.07999908086,
        0.08037335786000001,
        0.08053318386000001,
        0.07997284186,
        0.08000435386,
        0.08018623486,
        0.07977959286,
        0.08114602986000001,
        0.07999433486,
        0.08037962586,
        0.08053707086,
        0.08042543186000001,
        0.07968787186000001,
        0.08036006986000001
      ],
      "memory_usage_byte": [
        55517184,
        55517184,
        55517184,
        55517184,
        55517184,
        55517184,
        55517184,
        55517184,
        55517184,
        55517184,
        55517184,
        55517184,
        55517184,
        55517184,
        55517184,
        55517184,
        55517184,
        55517184,
        55517184,
        55517184,
        55517184,
        55517184,
        55517184,
        55517184,
        55517184,
        55517184,
        55517184,
        55517184,
        55517184,
        55517184,
        55517184,
        55517184,
        55517184,
        55517184,
        55517184,
        55517184,
        55517184
      ],
      "exit_codes": [
        0,
        0,
        0,
        0,
        0,
        0,
        0,
        0,
        0,
        0,
        0,
        0,
        0,
        0,
        0,
        0,
        0,
        0,
        0,
        0,
        0,
        0,
        0,
        0,
        0,
        0,
        0,
        0,
        0,
        0,
        0,
        0,
        0,
        0,
        0,
        0,
        0
      ]
    },
    {
      "command": "./bin/swc files/typescript.js",
      "mean": 0.16041022324888893,
      "stddev": 0.0010930014271097268,
      "median": 0.16053756086000004,
      "user": 0.11532485555555556,
      "system": 0.04499985777777776,
      "min": 0.15874270186000003,
      "max": 0.16228601086000002,
      "times": [
        0.16228601086000002,
        0.16072242286000002,
        0.15876450386000002,
        0.16151737286000004,
        0.16086685986000002,
        0.16140631286,
        0.16213344886000003,
        0.16047356086000003,
        0.15963316886000004,
        0.15874270186000003,
        0.15910194386,
        0.15931935186,
        0.15941143386000003,
        0.16010793586000002,
        0.16008951186000003,
        0.16086799886000003,
        0.16133791786,
        0.16060156086000002
      ],
      "memory_usage_byte": [
        94130176,
        94130176,
        94130176,
        94130176,
        94130176,
        94130176,
        94130176,
        94130176,
        94130176,
        94130176,
        94130176,
        94130176,
        94130176,
        94130176,
        94130176,
        94130176,
        94130176,
        94130176
      ],
      "exit_codes": [
        0,
        0,
        0,
        0,
        0,
        0,
        0,
        0,
        0,
        0,
        0,
        0,
        0,
        0,
        0,
        0,
        0,
        0
      ]
    },
    {
      "command": "./bin/jam files/typescript.js",
      "mean": 0.18950867799333337,
      "stddev": 0.0003947172638775532,
      "median": 0.18962763786000003,
      "user": 0.10088076666666666,
      "system": 0.08855191333333333,
      "min": 0.18852147786000004,
      "max": 0.18993486186000003,
      "times": [
        0.18903486886,
        0.18993486186000003,
        0.18910993986000002,
        0.18992463386000003,
        0.18852147786000004,
        0.18946357086,
        0.18953164886,
        0.18934173286000003,
        0.18982610986000004,
        0.18928016686000002,
        0.18962763786000003,
        0.18986819786000003,
        0.18966281386000003,
        0.18973991786000002,
        0.18976259086000002
      ],
      "memory_usage_byte": [
        194535424,
        194535424,
        194535424,
        194535424,
        194535424,
        194535424,
        194535424,
        194535424,
        194535424,
        194535424,
        194535424,
        194535424,
        194535424,
        194535424,
        194535424
      ],
      "exit_codes": [
        0,
        0,
        0,
        0,
        0,
        0,
        0,
        0,
        0,
        0,
        0,
        0,
        0,
        0,
        0
      ]
    }
  ]
}
