{
  "results": [
    {
      "command": "./bin/yuku files/typescript.js",
      "mean": 0.07201333850439026,
      "stddev": 0.00034630845874613497,
      "median": 0.07199671548,
      "user": 0.055083919999999995,
      "system": 0.016828088780487808,
      "min": 0.07142657348,
      "max": 0.07256297848,
      "times": [
        0.07219977648,
        0.07164915248,
        0.07142657348,
        0.07146651548,
        0.07162081648,
        0.07204863048,
        0.07245956648,
        0.07255240648,
        0.07212826448000001,
        0.07161590048000001,
        0.07219671748,
        0.07205249148000001,
        0.07191786348,
        0.07193399548,
        0.07194031348,
        0.07242811748,
        0.07247364748,
        0.07250135748,
        0.07221819248,
        0.07186971048,
        0.07199671548,
        0.07199654248000001,
        0.07216881248,
        0.07218281748000001,
        0.07226522548,
        0.07239484448,
        0.07255934148,
        0.07243512148,
        0.07256297848,
        0.07233995848000001,
        0.07175786648,
        0.07149348348000001,
        0.07181915148,
        0.07207213748,
        0.07159750548,
        0.07143516448000001,
        0.07157606448,
        0.07174166148,
        0.07173272448,
        0.07179858048,
        0.07192017148
      ],
      "memory_usage_byte": [
        42086400,
        42086400,
        42086400,
        42086400,
        42086400,
        42086400,
        42086400,
        42086400,
        42086400,
        42086400,
        42086400,
        42086400,
        42086400,
        42086400,
        42086400,
        42086400,
        42086400,
        42086400,
        42086400,
        42086400,
        42086400,
        42086400,
        42086400,
        42086400,
        42086400,
        42086400,
        42086400,
        42086400,
        42086400,
        42086400,
        42086400,
        42086400,
        42086400,
        42086400,
        42086400,
        42086400,
        42086400,
        42086400,
        42086400,
        42086400,
        42086400
      ],
      "exit_codes": [
        0,
        0,
        0,
        0,
        0,
        0,
        0,
        0,
        0,
        0,
        0,
        0,
        0,
        0,
        0,
        0,
        0,
        0,
        0,
        0,
        0,
        0,
        0,
        0,
        0,
        0,
        0,
        0,
        0,
        0,
        0,
        0,
        0,
        0,
        0,
        0,
        0,
        0,
        0,
        0,
        0
      ]
    },
    {
      "command": "./bin/oxc files/typescript.js",
      "mean": 0.06978511917047621,
      "stddev": 0.00037603129015597204,
      "median": 0.06977294898,
      "user": 0.05018237238095237,
      "system": 0.019464254285714282,
      "min": 0.06909855848,
      "max": 0.07142934748,
      "times": [
        0.06992248448,
        0.07049686448,
        0.06971361848,
        0.06976996148,
        0.06987793248,
        0.06991278548,
        0.06958491348,
        0.06945852348,
        0.06951907048,
        0.06973793748,
        0.06977593648000001,
        0.06993033948,
        0.06909855848,
        0.06986415048,
        0.06947482748,
        0.06949909048,
        0.06929265248000001,
        0.07142934748,
        0.07019522348,
        0.07021386648,
        0.06983964448,
        0.07012024448,
        0.06989103448,
        0.07011792448,
        0.06983952848,
        0.06977764948000001,
        0.06962858448,
        0.06962638648,
        0.06982350748,
        0.06982175048,
        0.06973161148,
        0.06995128748,
        0.06958746848,
        0.06964424948,
        0.06953268848000001,
        0.06967147748000001,
        0.06932202748,
        0.06973740048,
        0.06995084448,
        0.06982741948,
        0.06947528748000001,
        0.06928890348
      ],
      "memory_usage_byte": [
        55648256,
        55648256,
        55648256,
        55648256,
        55648256,
        55648256,
        55648256,
        55648256,
        55648256,
        55648256,
        55648256,
        55648256,
        55648256,
        55648256,
        55648256,
        55648256,
        55648256,
        55648256,
        55648256,
        55648256,
        55648256,
        55648256,
        55648256,
        55648256,
        55648256,
        55648256,
        55648256,
        55648256,
        55648256,
        55648256,
        55648256,
        55648256,
        55648256,
        55648256,
        55648256,
        55648256,
        55648256,
        55648256,
        55648256,
        55648256,
        55648256,
        55648256
      ],
      "exit_codes": [
        0,
        0,
        0,
        0,
        0,
        0,
        0,
        0,
        0,
        0,
        0,
        0,
        0,
        0,
        0,
        0,
        0,
        0,
        0,
        0,
        0,
        0,
        0,
        0,
        0,
        0,
        0,
        0,
        0,
        0,
        0,
        0,
        0,
        0,
        0,
        0,
        0,
        0,
        0,
        0,
        0,
        0
      ]
    },
    {
      "command": "./bin/swc files/typescript.js",
      "mean": 0.14052077124190476,
      "stddev": 0.001033624586494771,
      "median": 0.14066972748000003,
      "user": 0.1087120152380952,
      "system": 0.03167004,
      "min": 0.13893978848000002,
      "max": 0.14229538648,
      "times": [
        0.14224696348000002,
        0.14170282248000002,
        0.14229538648,
        0.14134230948,
        0.14165950548000003,
        0.14082345648000003,
        0.14066972748000003,
        0.13967855248000002,
        0.14075764148000003,
        0.13986227648000002,
        0.13954033548000003,
        0.14126051148000002,
        0.13969717948000002,
        0.13893978848000002,
        0.13938932848000002,
        0.14097356448,
        0.13958362348000003,
        0.14030191848,
        0.13927890448000002,
        0.14144371048,
        0.13948868948
      ],
      "memory_usage_byte": [
        94314496,
        94314496,
        94314496,
        94314496,
        94314496,
        94314496,
        94314496,
        94314496,
        94314496,
        94314496,
        94314496,
        94314496,
        94314496,
        94314496,
        94314496,
        94314496,
        94314496,
        94314496,
        94314496,
        94314496,
        94314496
      ],
      "exit_codes": [
        0,
        0,
        0,
        0,
        0,
        0,
        0,
        0,
        0,
        0,
        0,
        0,
        0,
        0,
        0,
        0,
        0,
        0,
        0,
        0,
        0
      ]
    },
    {
      "command": "./bin/jam files/typescript.js",
      "mean": 0.1616157928688889,
      "stddev": 0.0013542018905651162,
      "median": 0.16209324148000004,
      "user": 0.09832008666666664,
      "system": 0.06316337333333333,
      "min": 0.15950437948,
      "max": 0.16371636348000002,
      "times": [
        0.15970949748000002,
        0.15950437948,
        0.16267510648000003,
        0.15981424148000004,
        0.16083287348000003,
        0.16213224248000002,
        0.16371636348000002,
        0.16304805948000003,
        0.16276136548000003,
        0.16331300848000002,
        0.16237988948,
        0.16224071948000002,
        0.16205424048000003,
        0.16161761248000003,
        0.15994079948000003,
        0.16008089248000001,
        0.16097921348000002,
        0.16228376648000004
      ],
      "memory_usage_byte": [
        194568192,
        194568192,
        194568192,
        194568192,
        194568192,
        194568192,
        194568192,
        194568192,
        194568192,
        194568192,
        194568192,
        194568192,
        194568192,
        194568192,
        194568192,
        194568192,
        194568192,
        194568192
      ],