{
  "results": [
    {
      "command": "./bin/yuku files/typescript.js",
      "mean": 0.031976301116470575,
      "stddev": 0.00022251121323870704,
      "median": 0.03197906834,
      "user": 0.028475797647058824,
      "system": 0.0030022000000000013,
      "min": 0.03138840134,
      "max": 0.03249902634,
      "times": [
        0.03240781834,
        0.03217298534,
        0.03190481834,
        0.03188236034,
        0.03201535934,
        0.03227415234,
        0.03233294334,
        0.03180277734,
        0.03213781834,
        0.03212898534,
        0.03187435934,
        0.03183823534,
        0.03219152634,
        0.03177302634,
        0.03223327734,
        0.03171190134,
        0.03180452734,
        0.03249902634,
        0.03205786034,
        0.03225781834,
        0.03201102634,
        0.03222131834,
        0.03181865134,
        0.03203027734,
        0.03212086034,
        0.03189460934,
        0.03174415234,
        0.03203640134,
        0.03163052634,
        0.03201002634,
        0.03216240134,
        0.03162394334,
        0.03174315134,
        0.03200448534,
        0.03190711034,
        0.03182235934,
        0.03156356834,
        0.03218594334,
        0.03199352634,
        0.03213731834,
        0.03176198434,
        0.03177748434,
        0.03187140134,
        0.03185365134,
        0.03218311034,
        0.03200577734,
        0.03221473434,
        0.03147773534,
        0.03189086034,
        0.03171877634,
        0.03205794334,
        0.03225356834,
        0.03211415234,
        0.03138840134,
        0.03183740134,
        0.032136359340000004,
        0.03197906834,
        0.03198190134,
        0.03187435934,
        0.03165710934,
        0.03212781834,
        0.03213990134,
        0.03159340134,
        0.03194740134,
        0.03194652734,
        0.03185827634,
        0.03233186034,
        0.03246515134,
        0.03167148434,
        0.03196931834,
        0.03194590234,
        0.03178973534,
        0.03190894334,
        0.03220540134,
        0.03227019334,
        0.03188994334,
        0.03191123534,
        0.03200481834,
        0.03225448434,
        0.03206948434,
        0.03173077634,
        0.03217277634,
        0.03199727634,
        0.03185573534,
        0.03192873534
      ],
      "exit_codes": [
        0,
        0,
        0,
        0,
        0,
        0,
        0,
        0,
        0,
        0,
        0,
        0,
        0,
        0,
        0,
        0,
        0,
        0,
        0,
        0,
        0,
        0,
        0,
        0,
        0,
        0,
        0,
        0,
        0,
        0,
        0,
        0,
        0,
        0,
        0,
        0,
        0,
        0,
        0,
        0,
        0,
        0,
        0,
        0,
        0,
        0,
        0,
        0,
        0,
        0,
        0,
        0,
        0,
        0,
        0,
        0,
        0,
        0,
        0,
        0,
        0,
        0,
        0,
        0,
        0,
        0,
        0,
        0,
        0,
        0,
        0,
        0,
        0,
        0,
        0,
        0,
        0,
        0,
        0,
        0,
        0,
        0,
        0,
        0,
        0
      ]
    },
    {
      "command": "./bin/oxc files/typescript.js",
      "mean": 0.0297568627747826,
      "stddev": 0.0002326522441366744,
      "median": 0.02976031834,
      "user": 0.025288782173913046,
      "system": 0.0037671021739130416,
      "min": 0.02921831834,
      "max": 0.030518776339999998,
      "times": [
        0.02994265234,
        0.02966673534,
        0.02996131834,
        0.02978840134,
        0.02982340134,
        0.030088860340000002,
        0.029693526339999998,
        0.02985794334,
        0.03011052634,
        0.02998915134,
        0.030244652339999997,
        0.03017348534,
        0.02973390134,
        0.02989027734,
        0.029752485340000003,
        0.02992294334,
        0.02960369334,
        0.029903651339999997,
        0.02982390234,
        0.030033818339999997,
        0.029954943339999998,
        0.02950852734,
        0.029632860339999997,
        0.03011698434,
        0.02965506834,
        0.02985344334,
        0.029778651339999997,
        0.029704526340000002,
        0.02994369334,
        0.029937359339999997,
        0.03006540234,
        0.02971190134,
        0.02938427734,
        0.029700860340000003,
        0.029489943339999998,
        0.02950652634,
        0.029840902340000003,
        0.02941927634,
        0.02973156834,
        0.02974352634,
        0.02921831834,
        0.02983115234,
        0.029819068339999998,
        0.029866526339999998,
        0.029905234340000003,
        0.029591902339999997,
        0.02962440234,
        0.02924940134,
        0.029728651340000002,
        0.029818777339999998,
        0.02960815134,
        0.029612443340000003,
        0.02985240234,
        0.02976815134,
        0.029624318339999997,
        0.029617359340000003,
        0.02986411034,
        0.029526568340000003,
        0.02990148534,
        0.02955161034,
        0.02990123534,
        0.02982956834,
        0.02972581834,
        0.029631027339999998,
        0.02946373434,
        0.029777401340000002,
        0.029817026339999997,
        0.02961223434,
        0.02997256834,
        0.02958665234,
        0.02988531834,
        0.029559276340000003,
        0.02970881834,
        0.029800193340000003,
        0.02967035934,
        0.02972298534,
        0.029789735339999998,
        0.02985869334,
        0.029831027340000003,
        0.02931452634,
        0.029549901339999997,
        0.029362360339999997,
        0.02949740134,
        0.02966290234,
        0.029299068339999998,
        0.02950877734,
        0.030518776339999998,
        0.030490485339999998,
        0.029944652340000003,
        0.029635193339999998,
        0.02959173534,
        0.029846318339999997
      ],
      "exit_codes": [
        0,
        0,
        0,
        0,
        0,
        0,
        0,
        0,
        0,
        0,
        0,
        0,
        0,
        0,
        0,
        0,
        0,
        0,
        0,
        0,
        0,
        0,
        0,
        0,
        0,
        0,
        0,
        0,
        0,
        0,
        0,
        0,
        0,
        0,
        0,
        0,
        0,
        0,
        0,
        0,
        0,
        0,
        0,
        0,
        0,
        0,
        0,
        0,
        0,
        0,
        0,
        0,
        0,
        0,
        0,
        0,
        0,
        0,
        0,
        0,
        0,
        0,
        0,
        0,
        0,
        0,
        0,
        0,
        0,
        0,
        0,
        0,
        0,
        0,
        0,
        0,
        0,
        0,
        0,
        0,
        0,
        0,
        0,
        0,
        0,
        0,
        0,
        0,
        0,
        0,
        0,
        0
      ]
    },
    {
      "command": "./bin/swc files/typescript.js",
      "mean": 0.057432492540000005,
      "stddev": 0.0007160188720002357,
      "median": 0.05737892234,
      "user": 0.05052403999999999,
      "system": 0.00606216,
      "min": 0.05661261034,
      "max": 0.06158402734,