{
  "results": [
    {
      "command": "./bin/yuku files/typescript.js",
      "mean": 0.0817551732988889,
      "stddev": 0.0013357943166576233,
      "median": 0.08149113716,
      "user": 0.06187058777777778,
      "system": 0.019817352222222223,
      "min": 0.08112892616,
      "max": 0.08932564815999999,
      "times": [
        0.08133520116,
        0.08143971616,
        0.08150092016,
        0.08132254816,
        0.08198644616,
        0.08208710515999999,
        0.08161423216,
        0.08136710116,
        0.08124572416,
        0.08126519116,
        0.08137751116,
        0.08198474316,
        0.08150070016,
        0.08142862516,
        0.08932564815999999,
        0.08148964916,
        0.08149797516,
        0.08134802516,
        0.08122057816,
        0.08149262516,
        0.08147841916,
        0.08154267915999999,
        0.08136201216,
        0.08150979716,
        0.08145054616,
        0.08148586316,
        0.08164654216,
        0.08166365416,
        0.08183482316,
        0.08132739616,
        0.08112892616,
        0.08158970616,
        0.08284163216,
        0.08184768716,
        0.08149854616,
        0.08114774216
      ],
      "memory_usage_byte": [
        40812544,
        40812544,
        40812544,
        40812544,
        40812544,
        40812544,
        40812544,
        40812544,
        40812544,
        40812544,
        40812544,
        40812544,
        40812544,
        40812544,
        40812544,
        40812544,
        40812544,
        40812544,
        40812544,
        40812544,
        40812544,
        40812544,
        40812544,
        40812544,
        40812544,
        40812544,
        40812544,
        40812544,
        40812544,
        40812544,
        40812544,
        40812544,
        40812544,
        40812544,
        40812544,
        40812544
      ],
      "exit_codes": [
        0,
        0,
        0,
        0,
        0,
        0,
        0,
        0,
        0,
        0,
        0,
        0,
        0,
        0,
        0,
        0,
        0,
        0,
        0,
        0,
        0,
        0,
        0,
        0,
        0,
        0,
        0,
        0,
        0,
        0,
        0,
        0,
        0,
        0,
        0,
        0
      ]
    },
    {
      "command": "./bin/oxc files/typescript.js",
      "mean": 0.08024578007891892,
      "stddev": 0.0003747639516667932,
      "median": 0.08024528316,
      "user": 0.05178233027027026,
      "system": 0.02838731243243243,
      "min": 0.07964623516,
      "max": 0.08143986116,
      "times": [
        0.07988815716,
        0.08016223816,
        0.08052820116,
        0.07997064116,
        0.08143986116,
        0.08009738716,
        0.08024528316,
        0.08000861215999999,
        0.08024754716,
        0.07964922115999999,
        0.08010360915999999,
        0.07976457616,
        0.08005929516,
        0.08006514716,
        0.08047126416,
        0.07981141416,
        0.08032610416,
        0.08012496816,
        0.08032203616,
        0.08031858016,
        0.08047078416,
        0.08019407816,
        0.08041303615999999,
        0.08048960916,
        0.08023349116,
        0.08091556316,
        0.07999460516,
        0.08061656616,
        0.08032870916,
        0.08037659815999999,
        0.08024700616,
        0.08042037016,
        0.08102736216,
        0.08052342216,
        0.07989273616,
        0.07964623516,
        0.07969954616
      ],
      "memory_usage_byte": [
        55517184,
        55517184,
        55517184,
        55517184,
        55517184,
        55517184,
        55517184,
        55517184,
        55517184,
        55517184,
        55517184,
        55517184,
        55517184,
        55517184,
        55517184,
        55517184,
        55517184,
        55517184,
        55517184,
        55517184,
        55517184,
        55517184,
        55517184,
        55517184,
        55517184,
        55517184,
        55517184,
        55517184,
        55517184,
        55517184,
        55517184,
        55517184,
        55517184,
        55517184,
        55517184,
        55517184,
        55517184
      ],
      "exit_codes": [
        0,
        0,
        0,
        0,
        0,
        0,
        0,
        0,
        0,
        0,
        0,
        0,
        0,
        0,
        0,
        0,
        0,
        0,
        0,
        0,
        0,
        0,
        0,
        0,
        0,
        0,
        0,
        0,
        0,
        0,
        0,
        0,
        0,
        0,
        0,
        0,
        0
      ]
    },
    {
      "command": "./bin/swc files/typescript.js",
      "mean": 0.16446425982666668,
      "stddev": 0.0010752897860993253,
      "median": 0.16462634516000002,
      "user": 0.11901783777777777,
      "system": 0.04536365777777777,
      "min": 0.16274861116000003,
      "max": 0.16685497916000003,
      "times": [
        0.16476054616000002,
        0.16553158716000002,
        0.16520045716,
        0.16358270016,
        0.16495952916,
        0.16459860516000002,
        0.16286860816,
        0.16274861116000003,
        0.16360826816000001,
        0.16352477916000002,
        0.16519353116000002,
        0.16685497916000003,
        0.16561093916000003,
        0.16529831616000001,
        0.16465408516000002,
        0.16356815016,
        0.16390661116000002,
        0.16388637316000002
      ],
      "memory_usage_byte": [
        94121984,
        94121984,
        94121984,
        94121984,
        94121984,
        94121984,
        94121984,
        94121984,
        94121984,
        94121984,
        94121984,
        94154752,
        94154752,
        94154752,
        94154752,
        94154752,
        94154752,
        94154752
      ],
      "exit_codes": [
        0,
        0,
        0,
        0,
        0,
        0,
        0,
        0,
        0,
        0,
        0,
        0,
        0,
        0,
        0,
        0,
        0,
        0
      ]
    },
    {
      "command": "./bin/jam files/typescript.js",
      "mean": 0.19052949189333335,
      "stddev": 0.000572738075604682,
      "median": 0.19063601016,
      "user": 0.10149906,
      "system": 0.08893594666666665,
      "min": 0.18958427816,
      "max": 0.19154894116,
      "times": [
        0.19037804816,
        0.19125053516,
        0.18958427816,
        0.19075779616000002,
        0.19087496516000002,
        0.19154894116,
        0.19117594616000003,
        0.19083026116000001,
        0.19030650516000003,
        0.19063601016,
        0.19023200516000002,
        0.19064105916000001,
        0.18984608516,
        0.18970238816,
        0.19017755416
      ],
      "memory_usage_byte": [
        194535424,
        194535424,
        194535424,
        194535424,
        194535424,
        194535424,
        194535424,
        194535424,
        194535424,
        194535424,
        194535424,
        194535424,
        194535424,
        194535424,
        194535424
      ],
      "exit_codes": [
        0,
        0,
        0,
        0,
        0,
        0,
        0,
        0,
        0,
        0,
        0,
        0,
        0,
        0,
        0
      ]
    }
  ]
}
