{
  "results": [
    {
      "command": "./bin/yuku files/typescript.js",
      "mean": 0.08389449445142858,
      "stddev": 0.0004727188611428621,
      "median": 0.08378949628000001,
      "user": 0.06382172571428571,
      "system": 0.020034528571428567,
      "min": 0.08338878028,
      "max": 0.08534707928,
      "times": [
        0.08353923628000001,
        0.08363852028,
        0.08353107128000001,
        0.08383430428000001,
        0.08352283528000001,
        0.08487956928000001,
        0.08400520228000001,
        0.08364011328000001,
        0.08375810328000001,
        0.08534707928,
        0.08353224328000002,
        0.08474770428,
        0.08360447828,
        0.08343061428000001,
        0.08373406828,
        0.08366432928,
        0.08528770928000001,
        0.08379434028,
        0.08382936028000001,
        0.08406136228000001,
        0.08390393828,
        0.08378949628000001,
        0.08394904228000001,
        0.08383850628,
        0.08371095028,
        0.08367631528000001,
        0.08396878928000001,
        0.08366542528000001,
        0.08394154928000001,
        0.08402662728,
        0.08338878028,
        0.08404738528000001,
        0.08395685728,
        0.08345327028,
        0.08360812828000001
      ],
      "memory_usage_byte": [
        42074112,
        42074112,
        42074112,
        42074112,
        42074112,
        42074112,
        42074112,
        42074112,
        42074112,
        42074112,
        42074112,
        42074112,
        42074112,
        42074112,
        42074112,
        42074112,
        42074112,
        42074112,
        42074112,
        42074112,
        42074112,
        42074112,
        42074112,
        42074112,
        42074112,
        42074112,
        42074112,
        42074112,
        42074112,
        42074112,
        42074112,
        42074112,
        42074112,
        42074112,
        42074112
      ],
      "exit_codes": [
        0,
        0,
        0,
        0,
        0,
        0,
        0,
        0,
        0,
        0,
        0,
        0,
        0,
        0,
        0,
        0,
        0,
        0,
        0,
        0,
        0,
        0,
        0,
        0,
        0,
        0,
        0,
        0,
        0,
        0,
        0,
        0,
        0,
        0,
        0
      ]
    },
    {
      "command": "./bin/oxc files/typescript.js",
      "mean": 0.07939780538810812,
      "stddev": 0.0005532883577361593,
      "median": 0.07929833328000001,
      "user": 0.051480737297297297,
      "system": 0.027874381081081083,
      "min": 0.07855742528000001,
      "max": 0.08050767328000001,
      "times": [
        0.07903806028,
        0.07855742528000001,
        0.07881257028000001,
        0.07913998928,
        0.07950014828,
        0.08003167728,
        0.08046043528,
        0.07966770028,
        0.07887125028000001,
        0.08025221728000001,
        0.07911320828000001,
        0.07913610128000001,
        0.07873279228,
        0.07901551728,
        0.07956039128,
        0.07895026528000001,
        0.08018010328000001,
        0.07992994828000001,
        0.07972802328,
        0.07970121228,
        0.07906725428000001,
        0.07877137428000001,
        0.07905243628000001,
        0.07895612728000001,
        0.07931558628,
        0.07929833328000001,
        0.07933534228000001,
        0.07901660928000001,
        0.08030123828,
        0.07948015128000001,
        0.08050767328000001,
        0.07992621428,
        0.07902901328,
        0.07856709328000001,
        0.08000944628000001,
        0.07988839028000001,
        0.07881747928
      ],
      "memory_usage_byte": [
        55517184,
        55517184,
        55517184,
        55517184,
        55517184,
        55517184,
        55517184,
        55517184,
        55517184,
        55517184,
        55517184,
        55517184,
        55517184,
        55517184,
        55517184,
        55517184,
        55517184,
        55517184,
        55517184,
        55517184,
        55517184,
        55517184,
        55517184,
        55517184,
        55517184,
        55517184,
        55517184,
        55517184,
        55517184,
        55517184,
        55517184,
        55517184,
        55517184,
        55517184,
        55517184,
        55517184,
        55517184
      ],
      "exit_codes": [
        0,
        0,
        0,
        0,
        0,
        0,
        0,
        0,
        0,
        0,
        0,
        0,
        0,
        0,
        0,
        0,
        0,
        0,
        0,
        0,
        0,
        0,
        0,
        0,
        0,
        0,
        0,
        0,
        0,
        0,
        0,
        0,
        0,
        0,
        0,
        0,
        0
      ]
    },
    {
      "command": "./bin/swc files/typescript.js",
      "mean": 0.15907276972444442,
      "stddev": 0.0016294178504897795,
      "median": 0.15869711978,
      "user": 0.1156045511111111,
      "system": 0.043376299999999986,
      "min": 0.15701523628,
      "max": 0.16230413028,
      "times": [
        0.15770472828,
        0.15855139428,
        0.15970401628,
        0.15955247528,
        0.16230413028,
        0.16201437428,
        0.15705090228,
        0.16014250228,
        0.15737721928,
        0.15701523628,
        0.15844657228,
        0.15731044528,
        0.15822513728,
        0.15789496228,
        0.15884284528,
        0.16033989928,
        0.16025161528,
        0.16058139928
      ],
      "memory_usage_byte": [
        94150656,
        94150656,
        94150656,
        94150656,
        94150656,
        94150656,
        94150656,
        94150656,
        94150656,
        94150656,
        94150656,
        94150656,
        94154752,
        94154752,
        94154752,
        94154752,
        94154752,
        94154752
      ],
      "exit_codes": [
        0,
        0,
        0,
        0,
        0,
        0,
        0,
        0,
        0,
        0,
        0,
        0,
        0,
        0,
        0,
        0,
        0,
        0
      ]
    },
    {
      "command": "./bin/jam files/typescript.js",
      "mean": 0.1887350257466667,
      "stddev": 0.0005120122563211973,
      "median": 0.18871483328,
      "user": 0.10261750666666668,
      "system": 0.08603976666666664,
      "min": 0.18797900428,
      "max": 0.19009067228,
      "times": [
        0.18884073628,
        0.18895181328,
        0.18854610928,
        0.18922052328,
        0.18871483328,
        0.18797900428,
        0.18834325128,
        0.18825726128,
        0.18886237828,
        0.18817827528,
        0.19009067228,
        0.18901344828,
        0.18841487428,
        0.18867801428,
        0.18893419128
      ],
      "memory_usage_byte": [
        194535424,
        194535424,
        194535424,
        194535424,
        194535424,
        194535424,
        194535424,
        194535424,
        194535424,
        194535424,
        194535424,
        194535424,
        194535424,
        194535424,
        194535424
      ],
      "exit_codes": [
        0,
        0,
        0,
        0,
        0,
        0,
        0,
        0,
        0,
        0,
        0,
        0,
        0,
        0,
        0
      ]
    }
  ]
}
