{
  "results": [
    {
      "command": "./bin/yuku files/typescript.js",
      "mean": 0.08235914028571432,
      "stddev": 0.0012924620530432827,
      "median": 0.082086953,
      "user": 0.0634798857142857,
      "system": 0.018816062857142855,
      "min": 0.08139568800000001,
      "max": 0.089058274,
      "times": [
        0.083129776,
        0.08226335300000001,
        0.08176981800000001,
        0.08173307,
        0.08181808900000001,
        0.082162624,
        0.08209237300000001,
        0.082184856,
        0.08202377500000001,
        0.08220033500000001,
        0.08245585400000001,
        0.08205733700000001,
        0.081806788,
        0.08245033400000001,
        0.08278456000000001,
        0.081598768,
        0.081442755,
        0.08188264,
        0.08312042800000001,
        0.08178376500000001,
        0.082301492,
        0.081917786,
        0.082662601,
        0.08239495000000001,
        0.089058274,
        0.08434065600000001,
        0.08139568800000001,
        0.08160357700000001,
        0.081953412,
        0.082086953,
        0.08194654000000001,
        0.08218902300000001,
        0.082307456,
        0.08207600200000001,
        0.08157420200000001
      ],
      "memory_usage_byte": [
        40812544,
        40812544,
        40812544,
        40812544,
        40812544,
        40812544,
        40812544,
        40812544,
        40812544,
        40812544,
        40812544,
        40812544,
        40812544,
        40812544,
        40812544,
        40812544,
        40812544,
        40812544,
        40812544,
        40812544,
        40812544,
        40812544,
        40812544,
        40812544,
        40812544,
        40812544,
        40812544,
        40812544,
        40812544,
        40812544,
        40812544,
        40812544,
        40812544,
        40812544,
        40812544
      ],
      "exit_codes": [
        0,
        0,
        0,
        0,
        0,
        0,
        0,
        0,
        0,
        0,
        0,
        0,
        0,
        0,
        0,
        0,
        0,
        0,
        0,
        0,
        0,
        0,
        0,
        0,
        0,
        0,
        0,
        0,
        0,
        0,
        0,
        0,
        0,
        0,
        0
      ]
    },
    {
      "command": "./bin/oxc files/typescript.js",
      "mean": 0.08057391724324325,
      "stddev": 0.0015161210288428368,
      "median": 0.08019762100000001,
      "user": 0.053123367567567546,
      "system": 0.02738713081081081,
      "min": 0.07960172500000001,
      "max": 0.087580957,
      "times": [
        0.079720146,
        0.08019762100000001,
        0.08029254000000001,
        0.080283562,
        0.080201218,
        0.08073812500000001,
        0.08057586100000001,
        0.080860945,
        0.080495701,
        0.087580957,
        0.080511811,
        0.085629278,
        0.08052927300000001,
        0.08072408900000001,
        0.080394641,
        0.08071288200000001,
        0.07984758600000001,
        0.080023646,
        0.07989961300000001,
        0.07987526700000001,
        0.08039256700000001,
        0.08018338400000001,
        0.07982303900000001,
        0.080189877,
        0.08097738300000001,
        0.07983872900000001,
        0.07997703800000001,
        0.07960172500000001,
        0.08017642100000001,
        0.079941432,
        0.08049165200000001,
        0.08002917500000001,
        0.08001353600000001,
        0.08035003700000001,
        0.08006223800000001,
        0.079985253,
        0.08010669000000001
      ],
      "memory_usage_byte": [
        55517184,
        55517184,
        55517184,
        55517184,
        55517184,
        55517184,
        55517184,
        55517184,
        55517184,
        55517184,
        55517184,
        55517184,
        55517184,
        55517184,
        55517184,
        55517184,
        55517184,
        55517184,
        55517184,
        55517184,
        55517184,
        55517184,
        55517184,
        55517184,
        55517184,
        55517184,
        55517184,
        55517184,
        55517184,
        55517184,
        55517184,
        55517184,
        55517184,
        55517184,
        55517184,
        55517184,
        55517184
      ],
      "exit_codes": [
        0,
        0,
        0,
        0,
        0,
        0,
        0,
        0,
        0,
        0,
        0,
        0,
        0,
        0,
        0,
        0,
        0,
        0,
        0,
        0,
        0,
        0,
        0,
        0,
        0,
        0,
        0,
        0,
        0,
        0,
        0,
        0,
        0,
        0,
        0,
        0,
        0
      ]
    },
    {
      "command": "./bin/swc files/typescript.js",
      "mean": 0.1613423837777778,
      "stddev": 0.0006670258569885018,
      "median": 0.16142610150000003,
      "user": 0.11681757777777776,
      "system": 0.04444087555555556,
      "min": 0.160228696,
      "max": 0.16252885900000003,
      "times": [
        0.160639689,
        0.16135849500000002,
        0.161493718,
        0.16252885900000003,
        0.16117466900000002,
        0.162118229,
        0.161493708,
        0.16213237500000002,
        0.16183281400000002,
        0.16096310400000002,
        0.161688403,
        0.162041866,
        0.160228696,
        0.161229101,
        0.16163038500000002,
        0.160322121,
        0.160558895,
        0.16072778100000001
      ],
      "memory_usage_byte": [
        94175232,
        94175232,
        94175232,
        94175232,
        94175232,
        94175232,
        94175232,
        94175232,
        94175232,
        94175232,
        94175232,
        94175232,
        94175232,
        94175232,
        94175232,
        94175232,
        94175232,
        94175232
      ],
      "exit_codes": [
        0,
        0,
        0,
        0,
        0,
        0,
        0,
        0,
        0,
        0,
        0,
        0,
        0,
        0,
        0,
        0,
        0,
        0
      ]
    },
    {
      "command": "./bin/jam files/typescript.js",
      "mean": 0.19065216673333338,
      "stddev": 0.0007676837584755903,
      "median": 0.19042419000000002,
      "user": 0.1050106,
      "system": 0.08555751999999997,
      "min": 0.189588729,
      "max": 0.192149477,
      "times": [
        0.19113759700000002,
        0.192149477,
        0.19172751300000002,
        0.1913845,
        0.19096109600000002,
        0.191062006,
        0.189845162,
        0.19101990700000002,
        0.19042419000000002,
        0.19029625100000003,
        0.18964397700000002,
        0.190094808,
        0.19033912500000003,
        0.19010816300000002,
        0.189588729
      ],
      "memory_usage_byte": [
        194535424,
        194535424,
        194535424,
        194535424,
        194535424,
        194535424,
        194535424,
        194535424,
        194535424,
        194535424,
        194535424,
        194535424,
        194535424,
        194535424,
        194535424
      ],
      "exit_codes": [
        0,
        0,
        0,
        0,
        0,
        0,
        0,
        0,
        0,
        0,
        0,
        0,
        0,
        0,
        0
      ]
    }
  ]
}
