{
  "results": [
    {
      "command": "./bin/yuku files/typescript.js",
      "mean": 0.026883457799354835,
      "stddev": 0.0012854050283364765,
      "median": 0.02660369188,
      "user": 0.03738767419354839,
      "system": 0.0044978232258064505,
      "min": 0.02546704588,
      "max": 0.031959337879999994,
      "times": [
        0.027555670879999997,
        0.026266545879999995,
        0.02668542088,
        0.029761128879999998,
        0.031959337879999994,
        0.026595545879999998,
        0.026285920879999997,
        0.025976003879999997,
        0.026379337879999996,
        0.02628454588,
        0.02763808688,
        0.026121545879999996,
        0.026955836879999997,
        0.026409087879999998,
        0.027300295879999995,
        0.026815295879999996,
        0.027018045879999997,
        0.02679671288,
        0.02665075488,
        0.02870933788,
        0.029941420879999996,
        0.02880196188,
        0.02814246288,
        0.02800817088,
        0.02713308788,
        0.028465004879999995,
        0.031336003880000005,
        0.02661183788,
        0.02652725388,
        0.026766712879999998,
        0.027498170879999995,
        0.02726075388,
        0.025974753879999996,
        0.026668503879999996,
        0.02586287888,
        0.026104711879999996,
        0.02546704588,
        0.026076128879999997,
        0.026027837879999998,
        0.02622146288,
        0.026277420879999996,
        0.026154962879999997,
        0.02622046188,
        0.02603554588,
        0.025523212879999996,
        0.02567062888,
        0.02621242088,
        0.025784670879999996,
        0.02731954588,
        0.02617592088,
        0.02609596188,
        0.02576321288,
        0.02591154588,
        0.026874628879999998,
        0.02630737888,
        0.026845628879999996,
        0.02568542088,
        0.02690462888,
        0.026621045879999996,
        0.026820253879999995,
        0.025759462879999997,
        0.02674979588
      ],
      "memory_usage_byte": [
        42057728,
        42057728,
        42057728,
        42057728,
        42057728,
        42057728,
        42057728,
        42057728,
        42057728,
        42057728,
        42057728,
        42057728,
        42057728,
        42057728,
        42057728,
        42057728,
        42057728,
        42057728,
        42057728,
        42057728,
        42057728,
        42057728,
        42057728,
        42057728,
        42057728,
        42057728,
        42057728,
        42057728,
        42057728,
        42057728,
        42057728,
        42057728,
        42057728,
        42057728,
        42057728,
        42057728,
        42057728,
        42057728,
        42057728,
        42057728,
        42057728,
        42057728,
        42057728,
        42057728,
        42057728,
        42057728,
        42057728,
        42057728,
        42057728,
        42057728,
        42057728,
        42057728,
        42057728,
        42057728,
        42057728,
        42057728,
        42057728,
        42057728,
        42057728,
        42057728,
        42057728,
        42057728
      ],
      "exit_codes": [
        0,
        0,
        0,
        0,
        0,
        0,
        0,
        0,
        0,
        0,
        0,
        0,
        0,
        0,
        0,
        0,
        0,
        0,
        0,
        0,
        0,
        0,
        0,
        0,
        0,
        0,
        0,
        0,
        0,
        0,
        0,
        0,
        0,
        0,
        0,
        0,
        0,
        0,
        0,
        0,
        0,
        0,
        0,
        0,
        0,
        0,
        0,
        0,
        0,
        0,
        0,
        0,
        0,
        0,
        0,
        0,
        0,
        0,
        0,
        0,
        0,
        0
      ]
    },
    {
      "command": "./bin/oxc files/typescript.js",
      "mean": 0.027995307911746033,
      "stddev": 0.0030533989590109775,
      "median": 0.02694092088,
      "user": 0.0358131857142857,
      "system": 0.005662356507936509,
      "min": 0.025477254879999998,
      "max": 0.04483717088,
      "times": [
        0.02698350488,
        0.02684371288,
        0.026574920880000002,
        0.03427321288,
        0.02641683788,
        0.02634833788,
        0.02665362888,
        0.02702154588,
        0.02644942088,
        0.027370837879999995,
        0.02660400388,
        0.02685279588,
        0.02694092088,
        0.029309962880000002,
        0.02858050388,
        0.02764583788,
        0.029960295879999998,
        0.02836675488,
        0.027302087879999996,
        0.029951503879999997,
        0.03006812888,
        0.02866683788,
        0.02622283788,
        0.02675033788,
        0.02757400388,
        0.03396775387999999,
        0.02630058788,
        0.02648996288,
        0.02622258788,
        0.02796462888,
        0.025477254879999998,
        0.02762046288,
        0.026694629879999997,
        0.04483717088,
        0.026895920879999997,
        0.027669045879999996,
        0.026545587879999995,
        0.026425420879999998,
        0.02693962988,
        0.02673471288,
        0.027090503880000002,
        0.027259462879999998,
        0.02690354588,
        0.027091504879999995,
        0.02668342088,
        0.02732317088,
        0.031931837879999994,
        0.02655392088,
        0.026303295879999997,
        0.026735129879999996,
        0.02619429588,
        0.02602075388,
        0.027357878879999995,
        0.026249670879999996,
        0.025985629879999996,
        0.02993796288,
        0.02729287888,
        0.027131712879999995,
        0.03127958688,
        0.03721233788,
        0.03026258788,
        0.02596004588,
        0.02642512888
      ],
      "memory_usage_byte": [
        55476224,
        55476224,
        55476224,
        55476224,
        55476224,
        55476224,
        55476224,
        55476224,
        55476224,
        55476224,
        55476224,
        55476224,
        55476224,
        55476224,
        55476224,
        55476224,
        55476224,
        55476224,
        55476224,
        55476224,
        55476224,
        55476224,
        55476224,
        55476224,
        55476224,
        55476224,
        55476224,
        55476224,
        55476224,
        55476224,
        55476224,
        55476224,
        55476224,
        55476224,
        55476224,
        55476224,
        55476224,
        55476224,
        55476224,
        55476224,
        55476224,
        55476224,
        55476224,
        55476224,
        55476224,
        55476224,
        55476224,
        55476224,
        55476224,
        55476224,
        55476224,
        55476224,
        55476224,
        55476224,
        55476224,
        55476224,
        55476224,
        55476224,
        55476224,
        55476224,
        55476224,
        55476224,
        55476224
      ],
      "exit_codes": [
        0,
        0,
        0,
        0,
        0,
        0,
        0,
        0,
        0,
        0,
        0,
        0,
        0,
        0,
        0,
        0,
        0,
        0,
        0,
        0,
        0,
        0,
        0,
        0,
        0,
        0,
        0,
        0,
        0,
        0,
        0,
        0,
        0,
        0,
        0,
        0,
        0,
        0,
        0,
        0,
        0,
        0,
        0,
        0,
        0,
        0,
        0,
        0,
        0,
        0,
        0,
        0,
        0,
        0,
        0,
        0,
        0,
        0,
        0,
        0,
        0,
        0,
        0
      ]
    },
    {
      "command": "./bin/swc files/typescript.js",
      "mean": 0.06756381122285715,
      "stddev": 0.00794344207798719,
      "median": 0.06599867088,
      "user": 0.0705709857142857,
      "system": 0.009032819999999997,
      "min": 0.06036833788,
      "max": 0.10400967088,