{
  "results": [
    {
      "command": "./bin/yuku files/typescript.js",
      "mean": 0.03237913283034483,
      "stddev": 0.00023201152563653694,
      "median": 0.032352463520000006,
      "user": 0.02882843586206897,
      "system": 0.0030453708045977013,
      "min": 0.03195325552,
      "max": 0.03316933852000001,
      "times": [
        0.03195325552,
        0.032513547520000005,
        0.032513839520000004,
        0.03261513152000001,
        0.03226163152000001,
        0.03257879752000001,
        0.03225717252,
        0.032287881520000006,
        0.03213033952,
        0.03246625652000001,
        0.03228500552000001,
        0.03202346452,
        0.03212908952000001,
        0.03202400552,
        0.032334381520000004,
        0.03218171352,
        0.03232954752,
        0.032064880520000005,
        0.03217633852000001,
        0.032284797520000005,
        0.032283714520000006,
        0.032242547520000005,
        0.03237721452,
        0.03246046452,
        0.03235367252,
        0.03238421352,
        0.032418588520000007,
        0.03229275552000001,
        0.03215908952,
        0.03244546452,
        0.03219863152000001,
        0.03227617252000001,
        0.03239800652,
        0.03216479752,
        0.032756756520000006,
        0.03316933852000001,
        0.032951130520000003,
        0.032595755520000005,
        0.032262756520000005,
        0.03253675652,
        0.032331714520000006,
        0.032385464520000004,
        0.032897589520000006,
        0.032921006520000004,
        0.032449006520000004,
        0.032252422520000004,
        0.03223958952000001,
        0.032296172520000006,
        0.03248354752,
        0.03246254752,
        0.03217217252000001,
        0.03255338052000001,
        0.03308296452000001,
        0.03264100652,
        0.03233033952000001,
        0.032193756520000005,
        0.032054297520000004,
        0.03206217252,
        0.03221392252000001,
        0.032511464520000005,
        0.03260129752,
        0.03212471352000001,
        0.03240479752000001,
        0.032337422520000006,
        0.03236925552000001,
        0.03249313152,
        0.032190964520000004,
        0.03252429752,
        0.03275904752000001,
        0.032391463520000004,
        0.032372172520000006,
        0.03238629752,
        0.03259100552000001,
        0.032828172520000004,
        0.032329672520000005,
        0.03218925552,
        0.032199505520000005,
        0.03224967252,
        0.03242496352,
        0.03236100552000001,
        0.03216875652000001,
        0.03237513052,
        0.03247679752,
        0.032205422520000006,
        0.032352463520000006,
        0.032233755520000004,
        0.032370672520000005
      ],
      "exit_codes": [
        0,
        0,
        0,
        0,
        0,
        0,
        0,
        0,
        0,
        0,
        0,
        0,
        0,
        0,
        0,
        0,
        0,
        0,
        0,
        0,
        0,
        0,
        0,
        0,
        0,
        0,
        0,
        0,
        0,
        0,
        0,
        0,
        0,
        0,
        0,
        0,
        0,
        0,
        0,
        0,
        0,
        0,
        0,
        0,
        0,
        0,
        0,
        0,
        0,
        0,
        0,
        0,
        0,
        0,
        0,
        0,
        0,
        0,
        0,
        0,
        0,
        0,
        0,
        0,
        0,
        0,
        0,
        0,
        0,
        0,
        0,
        0,
        0,
        0,
        0,
        0,
        0,
        0,
        0,
        0,
        0,
        0,
        0,
        0,
        0,
        0,
        0
      ]
    },
    {
      "command": "./bin/oxc files/typescript.js",
      "mean": 0.029768056928602144,
      "stddev": 0.0012994421098067531,
      "median": 0.029613214520000004,
      "user": 0.025243482580645158,
      "system": 0.0037451305376344085,
      "min": 0.02925463052,
      "max": 0.04201446452,
      "times": [
        0.029736881519999998,
        0.029592256520000002,
        0.02969275552,
        0.02969325552,
        0.02966754752,
        0.02964813152,
        0.029475256520000003,
        0.03007496452,
        0.02972075552,
        0.02948492252,
        0.029921339520000003,
        0.029777963520000002,
        0.02954417252,
        0.02960475652,
        0.029530755520000004,
        0.030021963520000004,
        0.029596047519999998,
        0.029524214519999998,
        0.02983792252,
        0.029820755520000002,
        0.02968908852,
        0.029815714519999998,
        0.029771631519999998,
        0.029640964520000004,
        0.04201446452,
        0.030054630520000004,
        0.029394839520000004,
        0.02943358952,
        0.029405297520000002,
        0.02941829752,
        0.029629297520000004,
        0.029463380520000002,
        0.029322547520000002,
        0.029549964520000003,
        0.029430630520000004,
        0.029426714520000005,
        0.029439131519999998,
        0.02949692252,
        0.02958875652,
        0.02962371452,
        0.02945846452,
        0.02971138052,
        0.02993292252,
        0.02957313152,
        0.030559047520000004,
        0.029718755520000004,
        0.02937192252,
        0.02955679752,
        0.02944758852,
        0.029278213520000002,
        0.02960163052,
        0.029644047519999998,
        0.02958771352,
        0.02943854752,
        0.02946754752,
        0.02941967252,
        0.029971130520000003,
        0.02925463052,
        0.029451672520000003,
        0.029507964520000003,
        0.029587880520000002,
        0.02974150552,
        0.03007029752,
        0.029693922520000002,
        0.029791672520000003,
        0.029531256520000004,
        0.02949692252,
        0.029771380519999998,
        0.029613214520000004,
        0.029481963519999998,
        0.029538547520000003,
        0.029823589520000002,
        0.029925214520000003,
        0.02970725552,
        0.02944921452,
        0.02982496352,
        0.02969479752,
        0.029452963520000004,
        0.029693422520000002,
        0.02943342252,
        0.02962163052,
        0.02974333952,
        0.02946629752,
        0.02969996452,
        0.029639422520000003,
        0.02960758952,
        0.02954667252,
        0.029528131520000004,
        0.029884838520000002,
        0.029726255519999998,
        0.02967096352,
        0.029795339520000002,
        0.029646463520000003
      ],
      "exit_codes": [
        0,
        0,
        0,
        0,
        0,
        0,
        0,
        0,
        0,
        0,
        0,
        0,
        0,
        0,
        0,
        0,
        0,
        0,
        0,
        0,
        0,
        0,
        0,
        0,
        0,
        0,
        0,
        0,
        0,
        0,
        0,
        0,
        0,
        0,
        0,
        0,
        0,
        0,
        0,
        0,
        0,
        0,
        0,
        0,
        0,
        0,
        0,
        0,
        0,
        0,
        0,
        0,
        0,
        0,
        0,
        0,
        0,
        0,
        0,
        0,
        0,
        0,
        0,
        0,
        0,
        0,
        0,
        0,
        0,
        0,
        0,
        0,
        0,
        0,
        0,
        0,
        0,
        0,
        0,
        0,
        0,
        0,
        0,
        0,
        0,
        0,
        0,
        0,
        0,
        0,
        0,
        0,
        0
      ]
    },
    {
      "command": "./bin/swc files/typescript.js",
      "mean": 0.057175147420000016,
      "stddev": 0.0011447584411001881,
      "median": 0.056992943520000006,
      "user": 0.04996708,
      "system": 0.00626048,
      "min": 0.056105047520000007,
      "max": 0.06405796452000001,