{
  "results": [
    {
      "command": "./bin/yuku_typescript",
      "mean": 0.07742736597081082,
      "stddev": 0.00035851899630693956,
      "median": 0.07730887016000001,
      "user": 0.06069619027027027,
      "system": 0.016660723243243244,
      "min": 0.07698568716000001,
      "max": 0.07830999116000001,
      "times": [
        0.07830999116000001,
        0.07699403316000002,
        0.07705600816000001,
        0.07711966716000002,
        0.07709252616000001,
        0.07698568716000001,
        0.07778857716000001,
        0.07774736216000001,
        0.07767447416,
        0.07721235016000001,
        0.07720732116000001,
        0.07808850716000001,
        0.07736339216000002,
        0.07727796316,
        0.07809551116,
        0.07730887016000001,
        0.07727811316000001,
        0.07741295516,
        0.07773654916000002,
        0.07723489216000001,
        0.07747016216000001,
        0.07723227716000002,
        0.07755498116000001,
        0.07825276416000002,
        0.07726482916,
        0.07723633816000001,
        0.07713090316000001,
        0.07753568916,
        0.07744728316,
        0.07709781016000002,
        0.07740648716000001,
        0.07708466616000001,
        0.07704974116,
        0.07753199116000001,
        0.07712868816000001,
        0.07744372716000002,
        0.07795945116000001
      ],
      "memory_usage_byte": [
        41558016,
        41558016,
        41558016,
        41558016,
        41558016,
        41558016,
        41558016,
        41558016,
        41558016,
        41558016,
        41558016,
        41558016,
        41558016,
        41558016,
        41558016,
        41558016,
        41558016,
        41558016,
        41558016,
        41558016,
        41558016,
        41558016,
        41558016,
        41558016,
        41558016,
        41558016,
        41558016,
        41558016,
        41558016,
        41558016,
        41558016,
        41558016,
        41558016,
        41558016,
        41558016,
        41558016,
        41558016
      ],
      "exit_codes": [
        0,
        0,
        0,
        0,
        0,
        0,
        0,
        0,
        0,
        0,
        0,
        0,
        0,
        0,
        0,
        0,
        0,
        0,
        0,
        0,
        0,
        0,
        0,
        0,
        0,
        0,
        0,
        0,
        0,
        0,
        0,
        0,
        0,
        0,
        0,
        0,
        0
      ]
    },
    {
      "command": "./bin/oxc_typescript",
      "mean": 0.07469636755473685,
      "stddev": 0.0004510578375341691,
      "median": 0.07464980266000001,
      "user": 0.052804946315789476,
      "system": 0.021824295789473685,
      "min": 0.07380667216000002,
      "max": 0.07627740816,
      "times": [
        0.07627740816,
        0.07488163016,
        0.07465833316,
        0.07464127216000001,
        0.07482768916000002,
        0.07484134516000002,
        0.07501528116000002,
        0.07427248216000001,
        0.07467697816,
        0.07461313916000001,
        0.07453135616,
        0.07451373316000001,
        0.07471539016,
        0.07468472316000001,
        0.07504915416,
        0.07453975216000001,
        0.07380667216000002,
        0.07474809116000002,
        0.07472754016000001,
        0.07485028116,
        0.07462422916000001,
        0.07421810116000001,
        0.07459473416000001,
        0.07578072116000001,
        0.07437531416000001,
        0.07454289816000001,
        0.07459183916,
        0.07462900816000001,
        0.07563090016000001,
        0.07504907416,
        0.07397528716000001,
        0.07444003616000001,
        0.07432850716000002,
        0.07466344316000001,
        0.07416704516000001,
        0.07467961316,
        0.07446714616000001,
        0.07483181716000001
      ],
      "memory_usage_byte": [
        55435264,
        55435264,
        55435264,
        55435264,
        55435264,
        55435264,
        55435264,
        55435264,
        55435264,
        55435264,
        55435264,
        55435264,
        55435264,
        55435264,
        55435264,
        55435264,
        55435264,
        55435264,
        55435264,
        55435264,
        55435264,
        55435264,
        55435264,
        55435264,
        55435264,
        55435264,
        55435264,
        55435264,
        55435264,
        55435264,
        55435264,
        55435264,
        55435264,
        55435264,
        55435264,
        55435264,
        55435264,
        55435264
      ],
      "exit_codes": [
        0,
        0,
        0,
        0,
        0,
        0,
        0,
        0,
        0,
        0,
        0,
        0,
        0,
        0,
        0,
        0,
        0,
        0,
        0,
        0,
        0,
        0,
        0,
        0,
        0,
        0,
        0,
        0,
        0,
        0,
        0,
        0,
        0,
        0,
        0,
        0,
        0,
        0
      ]
    },
    {
      "command": "./bin/swc_typescript",
      "mean": 0.1612560753266667,
      "stddev": 0.002204556476095311,
      "median": 0.16086619766000002,
      "user": 0.11843097555555555,
      "system": 0.04273053555555555,
      "min": 0.15827470716000003,
      "max": 0.16551804716000001,
      "times": [
        0.16024363516,
        0.15951790916000003,
        0.15827470716000003,
        0.15968523116000002,
        0.15983025316000002,
        0.16203963016,
        0.16345431216,
        0.16311434716,
        0.16448648016,
        0.16297125016000003,
        0.16551804716000001,
        0.16138104916,
        0.15832595216,
        0.15946751516000002,
        0.15847800416000002,
        0.16035134616000002,
        0.16260291116,
        0.16286677516
      ],
      "memory_usage_byte": [
        94117888,
        94117888,
        94117888,
        94117888,
        94117888,
        94117888,
        94117888,
        94117888,
        94117888,
        94117888,
        94117888,
        94117888,
        94117888,
        94117888,
        94117888,
        94117888,
        94117888,
        94117888
      ],
      "exit_codes": [
        0,
        0,
        0,
        0,
        0,
        0,
        0,
        0,
        0,
        0,
        0,
        0,
        0,
        0,
        0,
        0,
        0,
        0
      ]
    },
    {
      "command": "./bin/jam_typescript",
      "mean": 0.18644609391,
      "stddev": 0.002025792603311256,
      "median": 0.18552441916,
      "user": 0.10352273249999999,
      "system": 0.082817355,
      "min": 0.18478038416,
      "max": 0.19086946016,
      "times": [
        0.18535327516000003,
        0.18540207616,
        0.18565634116000002,
        0.19086946016,
        0.18478038416,
        0.18491241116,
        0.18501850916,
        0.18559970516000002,
        0.18540717616000002,
        0.19070511316000002,
        0.18544913316000003,
        0.18529811116000003,
        0.18602435816000001,
        0.18680133016000003,
        0.18950542216000002,
        0.18635469616000003
      ],
      "memory_usage_byte": [
        195129344,
        195129344,
        195129344,
        195129344,
        195129344,
        195129344,
        195129344,
        195129344,
        195129344,
        195129344,
        195129344,
        195129344,
        195129344,
        195129344,
        195129344,
        195129344
      ],
      "exit_codes": [
        0,
        0,
        0,
        0,
        0,
        0,
        0,
        0,
        0,
        0,
        0,
        0,
        0,
        0,
        0,
        0
      ]
    }
  ]
}
