{
  "results": [
    {
      "command": "./bin/yuku files/typescript.js",
      "mean": 0.08326272047714288,
      "stddev": 0.0012288324442419746,
      "median": 0.08313639882,
      "user": 0.06304990857142856,
      "system": 0.02016259714285714,
      "min": 0.08233975982,
      "max": 0.08994281382000001,
      "times": [
        0.08339952782,
        0.08368280482,
        0.08342927382,
        0.08342824182,
        0.08338957082000001,
        0.08296709482,
        0.08316524282,
        0.08313639882,
        0.08313974582,
        0.08361358582,
        0.08315251982,
        0.08266900182,
        0.08293336282000001,
        0.08307743982,
        0.08291210282,
        0.08269266582,
        0.08246541382,
        0.08247332782,
        0.08238999282000001,
        0.08233975982,
        0.08251404382000001,
        0.08326813382,
        0.08283282582,
        0.08300858282,
        0.08319354582,
        0.08267031382000001,
        0.08994281382000001,
        0.08332751482,
        0.08331147482000001,
        0.08308887082000001,
        0.08264787182,
        0.08380409582000001,
        0.08344338982,
        0.08381837682,
        0.08286628782
      ],
      "memory_usage_byte": [
        42086400,
        42086400,
        42086400,
        42086400,
        42086400,
        42086400,
        42086400,
        42086400,
        42086400,
        42086400,
        42086400,
        42086400,
        42086400,
        42086400,
        42086400,
        42086400,
        42086400,
        42086400,
        42086400,
        42086400,
        42086400,
        42086400,
        42086400,
        42086400,
        42086400,
        42086400,
        42086400,
        42086400,
        42086400,
        42086400,
        42086400,
        42086400,
        42086400,
        42086400,
        42086400
      ],
      "exit_codes": [
        0,
        0,
        0,
        0,
        0,
        0,
        0,
        0,
        0,
        0,
        0,
        0,
        0,
        0,
        0,
        0,
        0,
        0,
        0,
        0,
        0,
        0,
        0,
        0,
        0,
        0,
        0,
        0,
        0,
        0,
        0,
        0,
        0,
        0,
        0
      ]
    },
    {
      "command": "./bin/oxc files/typescript.js",
      "mean": 0.08030776287405406,
      "stddev": 0.00046725252797377785,
      "median": 0.08025606082,
      "user": 0.05188125297297298,
      "system": 0.02836053459459459,
      "min": 0.07955063682,
      "max": 0.08144061682,
      "times": [
        0.08002881782,
        0.07970975282000001,
        0.07955063682,
        0.07969026782000001,
        0.08013873282,
        0.08050140682,
        0.08122999382,
        0.08108386182,
        0.08091674082,
        0.08063885382000001,
        0.08068320582,
        0.08060870682,
        0.08095976082,
        0.08043404182,
        0.08009223882000001,
        0.07982776282,
        0.08047558882,
        0.07981364682,
        0.07990364082,
        0.08027731082,
        0.08013511582,
        0.07972640482,
        0.08025606082,
        0.08010672282,
        0.08067610282,
        0.08019688082,
        0.07955703882,
        0.08033296382,
        0.08144061682,
        0.08064023582,
        0.08005540782000001,
        0.07990784182,
        0.07999132782,
        0.08037817882,
        0.08059734582,
        0.08015402982,
        0.08066998182
      ],
      "memory_usage_byte": [
        55517184,
        55517184,
        55517184,
        55517184,
        55517184,
        55517184,
        55517184,
        55517184,
        55517184,
        55517184,
        55517184,
        55517184,
        55517184,
        55517184,
        55517184,
        55517184,
        55517184,
        55517184,
        55517184,
        55517184,
        55517184,
        55517184,
        55517184,
        55517184,
        55517184,
        55517184,
        55517184,
        55517184,
        55517184,
        55517184,
        55517184,
        55517184,
        55517184,
        55517184,
        55517184,
        55517184,
        55517184
      ],
      "exit_codes": [
        0,
        0,
        0,
        0,
        0,
        0,
        0,
        0,
        0,
        0,
        0,
        0,
        0,
        0,
        0,
        0,
        0,
        0,
        0,
        0,
        0,
        0,
        0,
        0,
        0,
        0,
        0,
        0,
        0,
        0,
        0,
        0,
        0,
        0,
        0,
        0,
        0
      ]
    },
    {
      "command": "./bin/swc files/typescript.js",
      "mean": 0.16051703859777777,
      "stddev": 0.0011234510325840072,
      "median": 0.16028276782,
      "user": 0.11805228,
      "system": 0.04239494,
      "min": 0.15891126982,
      "max": 0.16297742982000002,
      "times": [
        0.16155204382000002,
        0.16097456982,
        0.16116662682000002,
        0.16142937582,
        0.15926415682,
        0.15974315882,
        0.15999857782000002,
        0.16141010182,
        0.16167772982,
        0.16297742982000002,
        0.16157590182,
        0.16002946082,
        0.15891126982,
        0.16007211082,
        0.15929459382,
        0.16049342482,
        0.15928057782000002,
        0.15945558382
      ],
      "memory_usage_byte": [
        94187520,
        94187520,
        94187520,
        94187520,
        94187520,
        94187520,
        94187520,
        94187520,
        94187520,
        94187520,
        94187520,
        94187520,
        94187520,
        94187520,
        94187520,
        94187520,
        94187520,
        94187520
      ],
      "exit_codes": [
        0,
        0,
        0,
        0,
        0,
        0,
        0,
        0,
        0,
        0,
        0,
        0,
        0,
        0,
        0,
        0,
        0,
        0
      ]
    },
    {
      "command": "./bin/jam files/typescript.js",
      "mean": 0.19019874502,
      "stddev": 0.0006316730740979158,
      "median": 0.19032810882,
      "user": 0.10382927999999998,
      "system": 0.08629380666666668,
      "min": 0.18887000482000002,
      "max": 0.19110564582,
      "times": [
        0.18944164882,
        0.19110564582,
        0.19077443882,
        0.18949299382,
        0.18887000482000002,
        0.19032810882,
        0.18996033382000002,
        0.19048136382,
        0.19013920682000002,
        0.19055519082,
        0.18958159882,
        0.19110435382000002,
        0.19039936082,
        0.19030605682,
        0.19044086882
      ],
      "memory_usage_byte": [
        194535424,
        194535424,
        194535424,
        194535424,
        194535424,
        194535424,
        194535424,
        194535424,
        194535424,
        194535424,
        194535424,
        194535424,
        194535424,
        194535424,
        194535424
      ],
      "exit_codes": [
        0,
        0,
        0,
        0,
        0,
        0,
        0,
        0,
        0,
        0,
        0,
        0,
        0,
        0,
        0
      ]
    }
  ]
}
