{
  "results": [
    {
      "command": "./bin/yuku files/typescript.js",
      "mean": 0.08126830745945948,
      "stddev": 0.001957620189467099,
      "median": 0.08076132200000001,
      "user": 0.061952740000000006,
      "system": 0.01925144216216216,
      "min": 0.08013139200000001,
      "max": 0.089576877,
      "times": [
        0.080232071,
        0.08033374900000001,
        0.080473319,
        0.080722813,
        0.081122973,
        0.081818892,
        0.080177418,
        0.08013139200000001,
        0.080561373,
        0.08875830400000001,
        0.080836805,
        0.080910412,
        0.080719197,
        0.080894152,
        0.081214057,
        0.080707244,
        0.08076132200000001,
        0.080842836,
        0.08055820600000001,
        0.080857003,
        0.081460776,
        0.080881698,
        0.081143927,
        0.080715068,
        0.08056155300000001,
        0.081068466,
        0.080608841,
        0.08065157,
        0.080526868,
        0.08073585700000001,
        0.080733834,
        0.08042439700000001,
        0.081289888,
        0.081089335,
        0.089576877,
        0.082001212,
        0.080823671
      ],
      "memory_usage_byte": [
        40812544,
        40812544,
        40812544,
        40812544,
        40812544,
        40812544,
        40812544,
        40812544,
        40812544,
        40812544,
        40812544,
        40812544,
        40812544,
        40812544,
        40812544,
        40812544,
        40812544,
        40812544,
        40812544,
        40812544,
        40812544,
        40812544,
        40812544,
        40812544,
        40812544,
        40812544,
        40812544,
        40812544,
        40812544,
        40812544,
        40812544,
        40812544,
        40812544,
        40812544,
        40812544,
        40812544,
        40812544
      ],
      "exit_codes": [
        0,
        0,
        0,
        0,
        0,
        0,
        0,
        0,
        0,
        0,
        0,
        0,
        0,
        0,
        0,
        0,
        0,
        0,
        0,
        0,
        0,
        0,
        0,
        0,
        0,
        0,
        0,
        0,
        0,
        0,
        0,
        0,
        0,
        0,
        0,
        0,
        0
      ]
    },
    {
      "command": "./bin/oxc files/typescript.js",
      "mean": 0.08025711981081081,
      "stddev": 0.0006499248192480446,
      "median": 0.08014199400000001,
      "user": 0.052367388648648636,
      "system": 0.027822063783783782,
      "min": 0.079321637,
      "max": 0.082286783,
      "times": [
        0.07965657000000001,
        0.080549683,
        0.079735267,
        0.08014199400000001,
        0.080564471,
        0.080466198,
        0.080140351,
        0.080246419,
        0.08000548,
        0.08023369500000001,
        0.080217304,
        0.079434458,
        0.079985663,
        0.080030997,
        0.079933075,
        0.07991999100000001,
        0.080664267,
        0.079321637,
        0.079453102,
        0.080006387,
        0.080163965,
        0.080582709,
        0.08149611000000001,
        0.08050520600000001,
        0.08128010100000001,
        0.080081993,
        0.080038332,
        0.080385655,
        0.082286783,
        0.080778612,
        0.08176243200000001,
        0.080670292,
        0.080186977,
        0.080108021,
        0.079525022,
        0.079363533,
        0.07959068100000001
      ],
      "memory_usage_byte": [
        55517184,
        55517184,
        55517184,
        55517184,
        55517184,
        55517184,
        55517184,
        55517184,
        55517184,
        55517184,
        55517184,
        55517184,
        55517184,
        55517184,
        55517184,
        55517184,
        55517184,
        55517184,
        55517184,
        55517184,
        55517184,
        55517184,
        55517184,
        55517184,
        55517184,
        55517184,
        55517184,
        55517184,
        55517184,
        55517184,
        55517184,
        55517184,
        55517184,
        55517184,
        55517184,
        55517184,
        55517184
      ],
      "exit_codes": [
        0,
        0,
        0,
        0,
        0,
        0,
        0,
        0,
        0,
        0,
        0,
        0,
        0,
        0,
        0,
        0,
        0,
        0,
        0,
        0,
        0,
        0,
        0,
        0,
        0,
        0,
        0,
        0,
        0,
        0,
        0,
        0,
        0,
        0,
        0,
        0,
        0
      ]
    },
    {
      "command": "./bin/swc files/typescript.js",
      "mean": 0.15957232916666667,
      "stddev": 0.0012924375931604067,
      "median": 0.159796127,
      "user": 0.11408635111111114,
      "system": 0.045409391111111114,
      "min": 0.15701414400000002,
      "max": 0.16160607100000002,
      "times": [
        0.16070129700000002,
        0.159819375,
        0.15839334100000002,
        0.158474512,
        0.157244472,
        0.15701414400000002,
        0.16035294900000002,
        0.158381827,
        0.158953754,
        0.159024566,
        0.160130925,
        0.160940471,
        0.159772879,
        0.160361274,
        0.160776937,
        0.160737565,
        0.15961556600000001,
        0.16160607100000002
      ],
      "memory_usage_byte": [
        94146560,
        94146560,
        94146560,
        94146560,
        94146560,
        94146560,
        94146560,
        94146560,
        94146560,
        94146560,
        94146560,
        94146560,
        94146560,
        94146560,
        94146560,
        94146560,
        94146560,
        94154752
      ],
      "exit_codes": [
        0,
        0,
        0,
        0,
        0,
        0,
        0,
        0,
        0,
        0,
        0,
        0,
        0,
        0,
        0,
        0,
        0,
        0
      ]
    },
    {
      "command": "./bin/jam files/typescript.js",
      "mean": 0.1886644554666667,
      "stddev": 0.000735598291275578,
      "median": 0.18840277900000002,
      "user": 0.1005390066666667,
      "system": 0.08804627999999999,
      "min": 0.187559059,
      "max": 0.18989132,
      "times": [
        0.187660666,
        0.18836343400000002,
        0.18826948200000002,
        0.188343427,
        0.18806065200000002,
        0.187559059,
        0.18798160500000002,
        0.188849401,
        0.18900777600000002,
        0.18932594800000002,
        0.18840277900000002,
        0.188994982,
        0.18989132,
        0.189761288,
        0.18949501300000002
      ],
      "memory_usage_byte": [
        194535424,
        194535424,
        194535424,
        194535424,
        194535424,
        194535424,
        194535424,
        194535424,
        194535424,
        194535424,
        194535424,
        194535424,
        194535424,
        194535424,
        194535424
      ],
      "exit_codes": [
        0,
        0,
        0,
        0,
        0,
        0,
        0,
        0,
        0,
        0,
        0,
        0,
        0,
        0,
        0
      ]
    }
  ]
}
